CID,FID,Land_ID,Community,D_ID,Land_KGinMaund,Land_PPLD,Land_PPLD_Prblm,Land_S_12m,Land_S_NoP12m,Land_Type,M_ID,P_ID,Survey_Round,T_ID,UC_ID
101010101.0,1010101011.0,1.0,1.0,1.0,40.0,1.0,0.0,1.0,5.0,1.0,1.0,1.0,1.0,1.0,1.0
101010101.0,1010101011.0,2.0,1.0,1.0,40.0,1.0,0.0,0.0,0.0,2.0,1.0,1.0,1.0,1.0,1.0
101010101.0,1010101011.0,3.0,1.0,1.0,40.0,1.0,0.0,0.0,0.0,3.0,1.0,1.0,1.0,1.0,1.0
101010101.0,1010101011.0,4.0,1.0,1.0,40.0,1.0,0.0,1.0,3.0,4.0,1.0,1.0,1.0,1.0,1.0
101010101.0,1010101011.0,5.0,1.0,1.0,40.0,1.0,0.0,0.0,0.0,5.0,1.0,1.0,1.0,1.0,1.0
101010202.0,1010102022.0,1.0,2.0,1.0,40.0,1.0,0.0,0.0,0.0,1.0,2.0,1.0,1.0,1.0,2.0
101010202.0,1010102022.0,2.0,2.0,1.0,40.0,1.0,0.0,0.0,0.0,2.0,2.0,1.0,1.0,1.0,2.0
101010202.0,1010102022.0,3.0,2.0,1.0,40.0,1.0,0.0,0.0,0.0,3.0,2.0,1.0,1.0,1.0,2.0
101010202.0,1010102022.0,4.0,2.0,1.0,40.0,1.0,0.0,0.0,0.0,4.0,2.0,1.0,1.0,1.0,2.0
101010202.0,1010102022.0,5.0,2.0,1.0,40.0,1.0,0.0,0.0,0.0,5.0,2.0,1.0,1.0,1.0,2.0
101010203.0,1010102033.0,1.0,3.0,1.0,40.0,1.0,0.0,1.0,3.0,1.0,3.0,1.0,1.0,1.0,2.0
101010203.0,1010102033.0,2.0,3.0,1.0,40.0,1.0,0.0,0.0,0.0,2.0,3.0,1.0,1.0,1.0,2.0
101010203.0,1010102033.0,3.0,3.0,1.0,40.0,1.0,0.0,0.0,0.0,3.0,3.0,1.0,1.0,1.0,2.0
101010203.0,1010102033.0,4.0,3.0,1.0,40.0,0.0,4.0,1.0,5.0,4.0,3.0,1.0,1.0,1.0,2.0
101010203.0,1010102033.0,5.0,3.0,1.0,40.0,0.0,3.0,1.0,2.0,5.0,3.0,1.0,1.0,1.0,2.0
101020304.0,1010203044.0,1.0,4.0,1.0,40.0,0.0,2.0,0.0,0.0,1.0,4.0,1.0,1.0,2.0,3.0
101020304.0,1010203044.0,2.0,4.0,1.0,40.0,1.0,0.0,0.0,0.0,2.0,4.0,1.0,1.0,2.0,3.0
101020304.0,1010203044.0,3.0,4.0,1.0,40.0,1.0,0.0,0.0,0.0,3.0,4.0,1.0,1.0,2.0,3.0
101020304.0,1010203044.0,4.0,4.0,1.0,40.0,1.0,0.0,1.0,2.0,4.0,4.0,1.0,1.0,2.0,3.0
101020304.0,1010203044.0,5.0,4.0,1.0,40.0,0.0,2.0,0.0,0.0,5.0,4.0,1.0,1.0,2.0,3.0
102030405.0,1020304051.0,1.0,1.0,2.0,40.0,1.0,0.0,1.0,6.0,1.0,5.0,1.0,1.0,3.0,4.0
102030405.0,1020304051.0,2.0,1.0,2.0,40.0,1.0,0.0,0.0,0.0,2.0,5.0,1.0,1.0,3.0,4.0
102030405.0,1020304051.0,3.0,1.0,2.0,40.0,1.0,0.0,1.0,4.0,3.0,5.0,1.0,1.0,3.0,4.0
102030405.0,1020304051.0,4.0,1.0,2.0,40.0,1.0,0.0,0.0,0.0,4.0,5.0,1.0,1.0,3.0,4.0
102030405.0,1020304051.0,5.0,1.0,2.0,40.0,1.0,0.0,0.0,0.0,5.0,5.0,1.0,1.0,3.0,4.0
102030506.0,1020305062.0,1.0,2.0,2.0,40.0,1.0,0.0,1.0,1.0,1.0,6.0,1.0,1.0,3.0,5.0
102030506.0,1020305062.0,2.0,2.0,2.0,40.0,1.0,0.0,0.0,0.0,2.0,6.0,1.0,1.0,3.0,5.0
102030506.0,1020305062.0,3.0,2.0,2.0,40.0,1.0,0.0,0.0,0.0,3.0,6.0,1.0,1.0,3.0,5.0
102030506.0,1020305062.0,4.0,2.0,2.0,40.0,1.0,0.0,0.0,0.0,4.0,6.0,1.0,1.0,3.0,5.0
102030506.0,1020305062.0,5.0,2.0,2.0,40.0,1.0,0.0,0.0,0.0,5.0,6.0,1.0,1.0,3.0,5.0
102030607.0,1020306073.0,1.0,3.0,2.0,40.0,1.0,0.0,0.0,0.0,1.0,7.0,1.0,1.0,3.0,6.0
102030607.0,1020306073.0,2.0,3.0,2.0,40.0,1.0,0.0,0.0,0.0,2.0,7.0,1.0,1.0,3.0,6.0
102030607.0,1020306073.0,3.0,3.0,2.0,40.0,1.0,0.0,1.0,1.0,3.0,7.0,1.0,1.0,3.0,6.0
102030607.0,1020306073.0,4.0,3.0,2.0,40.0,1.0,0.0,1.0,12.0,4.0,7.0,1.0,1.0,3.0,6.0
102030607.0,1020306073.0,5.0,3.0,2.0,40.0,1.0,0.0,0.0,0.0,5.0,7.0,1.0,1.0,3.0,6.0
102040708.0,1020407084.0,1.0,4.0,2.0,40.0,1.0,0.0,1.0,20.0,1.0,8.0,1.0,1.0,4.0,7.0
102040708.0,1020407084.0,2.0,4.0,2.0,40.0,1.0,0.0,0.0,0.0,2.0,8.0,1.0,1.0,4.0,7.0
102040708.0,1020407084.0,3.0,4.0,2.0,40.0,1.0,0.0,1.0,15.0,3.0,8.0,1.0,1.0,4.0,7.0
102040708.0,1020407084.0,4.0,4.0,2.0,40.0,1.0,0.0,1.0,1.0,4.0,8.0,1.0,1.0,4.0,7.0
102040708.0,1020407084.0,5.0,4.0,2.0,40.0,1.0,0.0,0.0,0.0,5.0,8.0,1.0,1.0,4.0,7.0
103050809.0,1030508091.0,1.0,1.0,3.0,40.0,1.0,0.0,1.0,2.0,1.0,9.0,1.0,1.0,5.0,8.0
103050809.0,1030508091.0,2.0,1.0,3.0,40.0,1.0,0.0,0.0,0.0,2.0,9.0,1.0,1.0,5.0,8.0
103050809.0,1030508091.0,3.0,1.0,3.0,40.0,0.0,4.0,1.0,1.0,3.0,9.0,1.0,1.0,5.0,8.0
103050809.0,1030508091.0,4.0,1.0,3.0,40.0,1.0,0.0,0.0,0.0,4.0,9.0,1.0,1.0,5.0,8.0
103050809.0,1030508091.0,5.0,1.0,3.0,40.0,1.0,0.0,0.0,0.0,5.0,9.0,1.0,1.0,5.0,8.0
103060910.0,1030609102.0,1.0,2.0,3.0,40.0,0.0,3.0,1.0,2.0,1.0,10.0,1.0,1.0,6.0,9.0
103060910.0,1030609102.0,2.0,2.0,3.0,40.0,0.0,4.0,0.0,0.0,2.0,10.0,1.0,1.0,6.0,9.0
103060910.0,1030609102.0,3.0,2.0,3.0,40.0,0.0,4.0,1.0,3.0,3.0,10.0,1.0,1.0,6.0,9.0
103060910.0,1030609102.0,4.0,2.0,3.0,40.0,1.0,0.0,1.0,1.0,4.0,10.0,1.0,1.0,6.0,9.0
103060910.0,1030609102.0,5.0,2.0,3.0,40.0,0.0,3.0,0.0,0.0,5.0,10.0,1.0,1.0,6.0,9.0
103061011.0,1030610113.0,1.0,3.0,3.0,40.0,1.0,0.0,1.0,1.0,1.0,11.0,1.0,1.0,6.0,10.0
103061011.0,1030610113.0,2.0,3.0,3.0,40.0,0.0,4.0,0.0,0.0,2.0,11.0,1.0,1.0,6.0,10.0
103061011.0,1030610113.0,3.0,3.0,3.0,40.0,0.0,4.0,0.0,0.0,3.0,11.0,1.0,1.0,6.0,10.0
103061011.0,1030610113.0,4.0,3.0,3.0,40.0,0.0,3.0,0.0,0.0,4.0,11.0,1.0,1.0,6.0,10.0
103061011.0,1030610113.0,5.0,3.0,3.0,40.0,0.0,2.0,0.0,0.0,5.0,11.0,1.0,1.0,6.0,10.0
103071112.0,1030711124.0,1.0,4.0,3.0,40.0,1.0,0.0,0.0,0.0,1.0,12.0,1.0,1.0,7.0,11.0
103071112.0,1030711124.0,2.0,4.0,3.0,40.0,1.0,0.0,0.0,0.0,2.0,12.0,1.0,1.0,7.0,11.0
103071112.0,1030711124.0,3.0,4.0,3.0,40.0,0.0,4.0,1.0,1.0,3.0,12.0,1.0,1.0,7.0,11.0
103071112.0,1030711124.0,4.0,4.0,3.0,40.0,1.0,0.0,0.0,0.0,4.0,12.0,1.0,1.0,7.0,11.0
103071112.0,1030711124.0,5.0,4.0,3.0,40.0,1.0,0.0,0.0,0.0,5.0,12.0,1.0,1.0,7.0,11.0
104081213.0,1040812131.0,1.0,1.0,4.0,40.0,1.0,0.0,1.0,2.0,1.0,13.0,1.0,1.0,8.0,12.0
104081213.0,1040812131.0,2.0,1.0,4.0,40.0,1.0,0.0,0.0,0.0,2.0,13.0,1.0,1.0,8.0,12.0
104081213.0,1040812131.0,3.0,1.0,4.0,40.0,1.0,0.0,1.0,11.0,3.0,13.0,1.0,1.0,8.0,12.0
104081213.0,1040812131.0,4.0,1.0,4.0,40.0,1.0,0.0,0.0,0.0,4.0,13.0,1.0,1.0,8.0,12.0
104081213.0,1040812131.0,5.0,1.0,4.0,40.0,1.0,0.0,0.0,0.0,5.0,13.0,1.0,1.0,8.0,12.0
104081314.0,1040813142.0,1.0,2.0,4.0,40.0,1.0,0.0,1.0,0.0,1.0,14.0,1.0,1.0,8.0,13.0
104081314.0,1040813142.0,2.0,2.0,4.0,40.0,1.0,0.0,1.0,0.0,2.0,14.0,1.0,1.0,8.0,13.0
104081314.0,1040813142.0,3.0,2.0,4.0,40.0,1.0,0.0,1.0,0.0,3.0,14.0,1.0,1.0,8.0,13.0
104081314.0,1040813142.0,4.0,2.0,4.0,40.0,1.0,0.0,1.0,0.0,4.0,14.0,1.0,1.0,8.0,13.0
104081314.0,1040813142.0,5.0,2.0,4.0,40.0,1.0,0.0,0.0,0.0,5.0,14.0,1.0,1.0,8.0,13.0
104081415.0,1040814153.0,1.0,3.0,4.0,40.0,1.0,0.0,1.0,5.0,1.0,15.0,1.0,1.0,8.0,14.0
104081415.0,1040814153.0,2.0,3.0,4.0,40.0,1.0,0.0,0.0,0.0,2.0,15.0,1.0,1.0,8.0,14.0
104081415.0,1040814153.0,3.0,3.0,4.0,40.0,1.0,0.0,1.0,3.0,3.0,15.0,1.0,1.0,8.0,14.0
104081415.0,1040814153.0,4.0,3.0,4.0,40.0,1.0,0.0,0.0,0.0,4.0,15.0,1.0,1.0,8.0,14.0
104081415.0,1040814153.0,5.0,3.0,4.0,40.0,1.0,0.0,1.0,1.0,5.0,15.0,1.0,1.0,8.0,14.0
104091516.0,1040915164.0,1.0,4.0,4.0,40.0,1.0,0.0,1.0,23.0,1.0,16.0,1.0,1.0,9.0,15.0
104091516.0,1040915164.0,2.0,4.0,4.0,40.0,1.0,0.0,1.0,50.0,2.0,16.0,1.0,1.0,9.0,15.0
104091516.0,1040915164.0,3.0,4.0,4.0,40.0,1.0,0.0,1.0,50.0,3.0,16.0,1.0,1.0,9.0,15.0
104091516.0,1040915164.0,4.0,4.0,4.0,40.0,1.0,0.0,1.0,30.0,4.0,16.0,1.0,1.0,9.0,15.0
104091516.0,1040915164.0,5.0,4.0,4.0,40.0,1.0,0.0,1.0,10.0,5.0,16.0,1.0,1.0,9.0,15.0
105101617.0,1051016171.0,1.0,1.0,5.0,40.0,1.0,0.0,1.0,1.0,1.0,17.0,1.0,1.0,10.0,16.0
105101617.0,1051016171.0,2.0,1.0,5.0,40.0,1.0,0.0,0.0,0.0,2.0,17.0,1.0,1.0,10.0,16.0
105101617.0,1051016171.0,3.0,1.0,5.0,40.0,1.0,0.0,0.0,0.0,3.0,17.0,1.0,1.0,10.0,16.0
105101617.0,1051016171.0,4.0,1.0,5.0,40.0,1.0,0.0,0.0,0.0,4.0,17.0,1.0,1.0,10.0,16.0
105101617.0,1051016171.0,5.0,1.0,5.0,40.0,1.0,0.0,0.0,0.0,5.0,17.0,1.0,1.0,10.0,16.0
105101718.0,1051017182.0,1.0,2.0,5.0,40.0,1.0,0.0,1.0,4.0,1.0,18.0,1.0,1.0,10.0,17.0
105101718.0,1051017182.0,2.0,2.0,5.0,40.0,1.0,0.0,0.0,0.0,2.0,18.0,1.0,1.0,10.0,17.0
105101718.0,1051017182.0,3.0,2.0,5.0,40.0,1.0,0.0,0.0,0.0,3.0,18.0,1.0,1.0,10.0,17.0
105101718.0,1051017182.0,4.0,2.0,5.0,40.0,1.0,0.0,0.0,0.0,4.0,18.0,1.0,1.0,10.0,17.0
105101718.0,1051017182.0,5.0,2.0,5.0,40.0,1.0,0.0,0.0,0.0,5.0,18.0,1.0,1.0,10.0,17.0
105111819.0,1051118193.0,1.0,3.0,5.0,40.0,1.0,0.0,1.0,3.0,1.0,19.0,1.0,1.0,11.0,18.0
105111819.0,1051118193.0,2.0,3.0,5.0,40.0,1.0,0.0,0.0,0.0,2.0,19.0,1.0,1.0,11.0,18.0
105111819.0,1051118193.0,3.0,3.0,5.0,40.0,1.0,0.0,0.0,0.0,3.0,19.0,1.0,1.0,11.0,18.0
105111819.0,1051118193.0,4.0,3.0,5.0,40.0,1.0,0.0,0.0,0.0,4.0,19.0,1.0,1.0,11.0,18.0
105111819.0,1051118193.0,5.0,3.0,5.0,40.0,1.0,0.0,0.0,0.0,5.0,19.0,1.0,1.0,11.0,18.0
105121920.0,1051219204.0,1.0,4.0,5.0,40.0,1.0,0.0,0.0,0.0,1.0,20.0,1.0,1.0,12.0,19.0
105121920.0,1051219204.0,2.0,4.0,5.0,40.0,1.0,0.0,0.0,0.0,2.0,20.0,1.0,1.0,12.0,19.0
105121920.0,1051219204.0,3.0,4.0,5.0,40.0,1.0,0.0,0.0,0.0,3.0,20.0,1.0,1.0,12.0,19.0
105121920.0,1051219204.0,4.0,4.0,5.0,40.0,1.0,0.0,0.0,0.0,4.0,20.0,1.0,1.0,12.0,19.0
105121920.0,1051219204.0,5.0,4.0,5.0,40.0,1.0,0.0,0.0,0.0,5.0,20.0,1.0,1.0,12.0,19.0
106132021.0,1061320211.0,1.0,1.0,6.0,40.0,1.0,0.0,0.0,0.0,1.0,21.0,1.0,1.0,13.0,20.0
106132021.0,1061320211.0,2.0,1.0,6.0,40.0,1.0,0.0,0.0,0.0,2.0,21.0,1.0,1.0,13.0,20.0
106132021.0,1061320211.0,3.0,1.0,6.0,40.0,1.0,0.0,0.0,0.0,3.0,21.0,1.0,1.0,13.0,20.0
106132021.0,1061320211.0,4.0,1.0,6.0,40.0,1.0,0.0,0.0,0.0,4.0,21.0,1.0,1.0,13.0,20.0
106132021.0,1061320211.0,5.0,1.0,6.0,40.0,1.0,0.0,0.0,0.0,5.0,21.0,1.0,1.0,13.0,20.0
106132122.0,1061321222.0,1.0,2.0,6.0,40.0,1.0,0.0,1.0,5.0,1.0,22.0,1.0,1.0,13.0,21.0
106132122.0,1061321222.0,2.0,2.0,6.0,40.0,1.0,0.0,0.0,0.0,2.0,22.0,1.0,1.0,13.0,21.0
106132122.0,1061321222.0,3.0,2.0,6.0,40.0,1.0,0.0,0.0,0.0,3.0,22.0,1.0,1.0,13.0,21.0
106132122.0,1061321222.0,4.0,2.0,6.0,40.0,1.0,0.0,0.0,0.0,4.0,22.0,1.0,1.0,13.0,21.0
106132122.0,1061321222.0,5.0,2.0,6.0,40.0,1.0,0.0,0.0,0.0,5.0,22.0,1.0,1.0,13.0,21.0
106142223.0,1061422233.0,1.0,3.0,6.0,40.0,1.0,0.0,0.0,0.0,1.0,23.0,1.0,1.0,14.0,22.0
106142223.0,1061422233.0,2.0,3.0,6.0,40.0,1.0,0.0,0.0,0.0,2.0,23.0,1.0,1.0,14.0,22.0
106142223.0,1061422233.0,3.0,3.0,6.0,40.0,0.0,4.0,0.0,0.0,3.0,23.0,1.0,1.0,14.0,22.0
106142223.0,1061422233.0,4.0,3.0,6.0,40.0,0.0,4.0,0.0,0.0,4.0,23.0,1.0,1.0,14.0,22.0
106142223.0,1061422233.0,5.0,3.0,6.0,40.0,0.0,4.0,0.0,0.0,5.0,23.0,1.0,1.0,14.0,22.0
106142324.0,1061423244.0,1.0,4.0,6.0,40.0,1.0,0.0,1.0,5.0,1.0,24.0,1.0,1.0,14.0,23.0
106142324.0,1061423244.0,2.0,4.0,6.0,40.0,1.0,0.0,0.0,0.0,2.0,24.0,1.0,1.0,14.0,23.0
106142324.0,1061423244.0,3.0,4.0,6.0,40.0,1.0,0.0,0.0,0.0,3.0,24.0,1.0,1.0,14.0,23.0
106142324.0,1061423244.0,4.0,4.0,6.0,40.0,1.0,0.0,0.0,0.0,4.0,24.0,1.0,1.0,14.0,23.0
106142324.0,1061423244.0,5.0,4.0,6.0,40.0,1.0,0.0,0.0,0.0,5.0,24.0,1.0,1.0,14.0,23.0
107152425.0,1071524251.0,1.0,1.0,7.0,40.0,1.0,0.0,1.0,20.0,1.0,25.0,1.0,1.0,15.0,24.0
107152425.0,1071524251.0,2.0,1.0,7.0,40.0,1.0,0.0,0.0,0.0,2.0,25.0,1.0,1.0,15.0,24.0
107152425.0,1071524251.0,3.0,1.0,7.0,40.0,1.0,0.0,0.0,0.0,3.0,25.0,1.0,1.0,15.0,24.0
107152425.0,1071524251.0,4.0,1.0,7.0,40.0,1.0,0.0,0.0,0.0,4.0,25.0,1.0,1.0,15.0,24.0
107152425.0,1071524251.0,5.0,1.0,7.0,40.0,1.0,0.0,0.0,0.0,5.0,25.0,1.0,1.0,15.0,24.0
107162526.0,1071625262.0,1.0,2.0,7.0,40.0,1.0,0.0,0.0,0.0,1.0,26.0,1.0,1.0,16.0,25.0
107162526.0,1071625262.0,2.0,2.0,7.0,40.0,1.0,0.0,0.0,0.0,2.0,26.0,1.0,1.0,16.0,25.0
107162526.0,1071625262.0,3.0,2.0,7.0,40.0,0.0,4.0,1.0,10.0,3.0,26.0,1.0,1.0,16.0,25.0
107162526.0,1071625262.0,4.0,2.0,7.0,40.0,0.0,4.0,1.0,5.0,4.0,26.0,1.0,1.0,16.0,25.0
107162526.0,1071625262.0,5.0,2.0,7.0,40.0,0.0,4.0,0.0,0.0,5.0,26.0,1.0,1.0,16.0,25.0
107162627.0,1071626273.0,1.0,3.0,7.0,40.0,1.0,0.0,0.0,0.0,1.0,27.0,1.0,1.0,16.0,26.0
107162627.0,1071626273.0,2.0,3.0,7.0,40.0,1.0,0.0,0.0,0.0,2.0,27.0,1.0,1.0,16.0,26.0
107162627.0,1071626273.0,3.0,3.0,7.0,40.0,1.0,0.0,0.0,0.0,3.0,27.0,1.0,1.0,16.0,26.0
107162627.0,1071626273.0,4.0,3.0,7.0,40.0,1.0,0.0,0.0,0.0,4.0,27.0,1.0,1.0,16.0,26.0
107162627.0,1071626273.0,5.0,3.0,7.0,40.0,1.0,0.0,0.0,0.0,5.0,27.0,1.0,1.0,16.0,26.0
107172728.0,1071727284.0,1.0,4.0,7.0,40.0,1.0,0.0,0.0,0.0,1.0,28.0,1.0,1.0,17.0,27.0
107172728.0,1071727284.0,2.0,4.0,7.0,40.0,1.0,0.0,0.0,0.0,2.0,28.0,1.0,1.0,17.0,27.0
107172728.0,1071727284.0,3.0,4.0,7.0,40.0,1.0,0.0,0.0,0.0,3.0,28.0,1.0,1.0,17.0,27.0
107172728.0,1071727284.0,4.0,4.0,7.0,40.0,1.0,0.0,0.0,0.0,4.0,28.0,1.0,1.0,17.0,27.0
107172728.0,1071727284.0,5.0,4.0,7.0,40.0,1.0,0.0,0.0,0.0,5.0,28.0,1.0,1.0,17.0,27.0
108182829.0,1081828291.0,1.0,1.0,8.0,40.0,1.0,0.0,1.0,3.0,1.0,29.0,1.0,1.0,18.0,28.0
108182829.0,1081828291.0,2.0,1.0,8.0,40.0,1.0,0.0,0.0,0.0,2.0,29.0,1.0,1.0,18.0,28.0
108182829.0,1081828291.0,3.0,1.0,8.0,40.0,0.0,2.0,1.0,3.0,3.0,29.0,1.0,1.0,18.0,28.0
108182829.0,1081828291.0,4.0,1.0,8.0,40.0,0.0,1.0,0.0,0.0,4.0,29.0,1.0,1.0,18.0,28.0
108182829.0,1081828291.0,5.0,1.0,8.0,40.0,0.0,3.0,0.0,0.0,5.0,29.0,1.0,1.0,18.0,28.0
108192930.0,1081929302.0,1.0,2.0,8.0,40.0,1.0,0.0,1.0,10.0,1.0,30.0,1.0,1.0,19.0,29.0
108192930.0,1081929302.0,2.0,2.0,8.0,40.0,1.0,0.0,0.0,0.0,2.0,30.0,1.0,1.0,19.0,29.0
108192930.0,1081929302.0,3.0,2.0,8.0,40.0,1.0,0.0,1.0,3.0,3.0,30.0,1.0,1.0,19.0,29.0
108192930.0,1081929302.0,4.0,2.0,8.0,40.0,1.0,0.0,1.0,2.0,4.0,30.0,1.0,1.0,19.0,29.0
108192930.0,1081929302.0,5.0,2.0,8.0,40.0,1.0,0.0,0.0,0.0,5.0,30.0,1.0,1.0,19.0,29.0
108203031.0,1082030313.0,1.0,3.0,8.0,40.0,1.0,0.0,1.0,1.0,1.0,31.0,1.0,1.0,20.0,30.0
108203031.0,1082030313.0,2.0,3.0,8.0,40.0,1.0,0.0,0.0,0.0,2.0,31.0,1.0,1.0,20.0,30.0
108203031.0,1082030313.0,3.0,3.0,8.0,40.0,1.0,0.0,0.0,0.0,3.0,31.0,1.0,1.0,20.0,30.0
108203031.0,1082030313.0,4.0,3.0,8.0,40.0,1.0,0.0,1.0,5.0,4.0,31.0,1.0,1.0,20.0,30.0
108203031.0,1082030313.0,5.0,3.0,8.0,40.0,1.0,0.0,0.0,0.0,5.0,31.0,1.0,1.0,20.0,30.0
108213132.0,1082131324.0,1.0,4.0,8.0,40.0,1.0,0.0,0.0,0.0,1.0,32.0,1.0,1.0,21.0,31.0
108213132.0,1082131324.0,2.0,4.0,8.0,40.0,1.0,0.0,0.0,0.0,2.0,32.0,1.0,1.0,21.0,31.0
108213132.0,1082131324.0,3.0,4.0,8.0,40.0,1.0,0.0,0.0,0.0,3.0,32.0,1.0,1.0,21.0,31.0
108213132.0,1082131324.0,4.0,4.0,8.0,40.0,1.0,0.0,0.0,0.0,4.0,32.0,1.0,1.0,21.0,31.0
108213132.0,1082131324.0,5.0,4.0,8.0,40.0,1.0,0.0,0.0,0.0,5.0,32.0,1.0,1.0,21.0,31.0
109223233.0,1092232331.0,1.0,1.0,9.0,40.0,1.0,0.0,1.0,4.0,1.0,33.0,1.0,1.0,22.0,32.0
109223233.0,1092232331.0,2.0,1.0,9.0,40.0,1.0,0.0,0.0,0.0,2.0,33.0,1.0,1.0,22.0,32.0
109223233.0,1092232331.0,3.0,1.0,9.0,40.0,1.0,0.0,0.0,0.0,3.0,33.0,1.0,1.0,22.0,32.0
109223233.0,1092232331.0,4.0,1.0,9.0,40.0,1.0,0.0,1.0,4.0,4.0,33.0,1.0,1.0,22.0,32.0
109223233.0,1092232331.0,5.0,1.0,9.0,40.0,0.0,4.0,0.0,0.0,5.0,33.0,1.0,1.0,22.0,32.0
109223334.0,1092233342.0,1.0,2.0,9.0,40.0,1.0,0.0,1.0,30.0,1.0,34.0,1.0,1.0,22.0,33.0
109223334.0,1092233342.0,2.0,2.0,9.0,40.0,1.0,0.0,0.0,0.0,2.0,34.0,1.0,1.0,22.0,33.0
109223334.0,1092233342.0,3.0,2.0,9.0,40.0,1.0,0.0,1.0,2.0,3.0,34.0,1.0,1.0,22.0,33.0
109223334.0,1092233342.0,4.0,2.0,9.0,40.0,1.0,0.0,1.0,4.0,4.0,34.0,1.0,1.0,22.0,33.0
109223334.0,1092233342.0,5.0,2.0,9.0,40.0,1.0,0.0,0.0,0.0,5.0,34.0,1.0,1.0,22.0,33.0
109233435.0,1092334353.0,1.0,3.0,9.0,40.0,1.0,0.0,1.0,1.0,1.0,35.0,1.0,1.0,23.0,34.0
109233435.0,1092334353.0,2.0,3.0,9.0,40.0,0.0,0.0,0.0,0.0,2.0,35.0,1.0,1.0,23.0,34.0
109233435.0,1092334353.0,3.0,3.0,9.0,40.0,0.0,0.0,0.0,0.0,3.0,35.0,1.0,1.0,23.0,34.0
109233435.0,1092334353.0,4.0,3.0,9.0,40.0,0.0,0.0,0.0,0.0,4.0,35.0,1.0,1.0,23.0,34.0
109233435.0,1092334353.0,5.0,3.0,9.0,40.0,0.0,0.0,0.0,0.0,5.0,35.0,1.0,1.0,23.0,34.0
109233536.0,1092335364.0,1.0,4.0,9.0,40.0,0.0,2.0,1.0,1.0,1.0,36.0,1.0,1.0,23.0,35.0
109233536.0,1092335364.0,2.0,4.0,9.0,40.0,0.0,2.0,0.0,0.0,2.0,36.0,1.0,1.0,23.0,35.0
109233536.0,1092335364.0,3.0,4.0,9.0,40.0,0.0,2.0,0.0,0.0,3.0,36.0,1.0,1.0,23.0,35.0
109233536.0,1092335364.0,4.0,4.0,9.0,40.0,0.0,2.0,0.0,0.0,4.0,36.0,1.0,1.0,23.0,35.0
109233536.0,1092335364.0,5.0,4.0,9.0,40.0,0.0,2.0,0.0,0.0,5.0,36.0,1.0,1.0,23.0,35.0
110243637.0,1102436371.0,1.0,1.0,10.0,40.0,1.0,0.0,1.0,3.0,1.0,37.0,1.0,1.0,24.0,36.0
110243637.0,1102436371.0,2.0,1.0,10.0,40.0,1.0,0.0,0.0,0.0,2.0,37.0,1.0,1.0,24.0,36.0
110243637.0,1102436371.0,3.0,1.0,10.0,40.0,1.0,0.0,0.0,0.0,3.0,37.0,1.0,1.0,24.0,36.0
110243637.0,1102436371.0,4.0,1.0,10.0,40.0,1.0,0.0,0.0,0.0,4.0,37.0,1.0,1.0,24.0,36.0
110243637.0,1102436371.0,5.0,1.0,10.0,40.0,1.0,0.0,0.0,0.0,5.0,37.0,1.0,1.0,24.0,36.0
110243738.0,1102437382.0,1.0,2.0,10.0,40.0,1.0,0.0,1.0,4.0,1.0,38.0,1.0,1.0,24.0,37.0
110243738.0,1102437382.0,2.0,2.0,10.0,40.0,1.0,0.0,1.0,4.0,2.0,38.0,1.0,1.0,24.0,37.0
110243738.0,1102437382.0,3.0,2.0,10.0,40.0,1.0,0.0,0.0,0.0,3.0,38.0,1.0,1.0,24.0,37.0
110243738.0,1102437382.0,4.0,2.0,10.0,40.0,1.0,0.0,0.0,0.0,4.0,38.0,1.0,1.0,24.0,37.0
110243738.0,1102437382.0,5.0,2.0,10.0,40.0,1.0,0.0,0.0,0.0,5.0,38.0,1.0,1.0,24.0,37.0
110243839.0,1102438393.0,1.0,3.0,10.0,40.0,1.0,0.0,0.0,0.0,1.0,39.0,1.0,1.0,24.0,38.0
110243839.0,1102438393.0,2.0,3.0,10.0,40.0,1.0,0.0,0.0,0.0,2.0,39.0,1.0,1.0,24.0,38.0
110243839.0,1102438393.0,3.0,3.0,10.0,40.0,1.0,0.0,1.0,1.0,3.0,39.0,1.0,1.0,24.0,38.0
110243839.0,1102438393.0,4.0,3.0,10.0,40.0,1.0,0.0,0.0,0.0,4.0,39.0,1.0,1.0,24.0,38.0
110243839.0,1102438393.0,5.0,3.0,10.0,40.0,1.0,0.0,0.0,0.0,5.0,39.0,1.0,1.0,24.0,38.0
110253940.0,1102539404.0,1.0,4.0,10.0,40.0,1.0,0.0,1.0,20.0,1.0,40.0,1.0,1.0,25.0,39.0
110253940.0,1102539404.0,2.0,4.0,10.0,40.0,1.0,0.0,0.0,0.0,2.0,40.0,1.0,1.0,25.0,39.0
110253940.0,1102539404.0,3.0,4.0,10.0,40.0,0.0,5.0,1.0,10.0,3.0,40.0,1.0,1.0,25.0,39.0
110253940.0,1102539404.0,4.0,4.0,10.0,40.0,0.0,5.0,1.0,10.0,4.0,40.0,1.0,1.0,25.0,39.0
110253940.0,1102539404.0,5.0,4.0,10.0,40.0,1.0,0.0,1.0,1.0,5.0,40.0,1.0,1.0,25.0,39.0
111264041.0,1112640411.0,1.0,1.0,11.0,40.0,1.0,0.0,1.0,0.0,1.0,41.0,1.0,1.0,26.0,40.0
111264041.0,1112640411.0,2.0,1.0,11.0,40.0,1.0,0.0,1.0,0.0,2.0,41.0,1.0,1.0,26.0,40.0
111264041.0,1112640411.0,3.0,1.0,11.0,40.0,1.0,0.0,1.0,0.0,3.0,41.0,1.0,1.0,26.0,40.0
111264041.0,1112640411.0,4.0,1.0,11.0,40.0,1.0,0.0,1.0,0.0,4.0,41.0,1.0,1.0,26.0,40.0
111264041.0,1112640411.0,5.0,1.0,11.0,40.0,1.0,0.0,0.0,0.0,5.0,41.0,1.0,1.0,26.0,40.0
111274142.0,1112741422.0,1.0,2.0,11.0,40.0,1.0,0.0,0.0,0.0,1.0,42.0,1.0,1.0,27.0,41.0
111274142.0,1112741422.0,2.0,2.0,11.0,40.0,1.0,0.0,0.0,0.0,2.0,42.0,1.0,1.0,27.0,41.0
111274142.0,1112741422.0,3.0,2.0,11.0,40.0,1.0,0.0,0.0,0.0,3.0,42.0,1.0,1.0,27.0,41.0
111274142.0,1112741422.0,4.0,2.0,11.0,40.0,1.0,0.0,0.0,0.0,4.0,42.0,1.0,1.0,27.0,41.0
111274142.0,1112741422.0,5.0,2.0,11.0,40.0,1.0,0.0,0.0,0.0,5.0,42.0,1.0,1.0,27.0,41.0
111274243.0,1112742433.0,1.0,3.0,11.0,40.0,1.0,0.0,1.0,5.0,1.0,43.0,1.0,1.0,27.0,42.0
111274243.0,1112742433.0,2.0,3.0,11.0,40.0,1.0,0.0,0.0,0.0,2.0,43.0,1.0,1.0,27.0,42.0
111274243.0,1112742433.0,3.0,3.0,11.0,40.0,1.0,0.0,0.0,0.0,3.0,43.0,1.0,1.0,27.0,42.0
111274243.0,1112742433.0,4.0,3.0,11.0,40.0,1.0,0.0,1.0,5.0,4.0,43.0,1.0,1.0,27.0,42.0
111274243.0,1112742433.0,5.0,3.0,11.0,40.0,1.0,0.0,0.0,0.0,5.0,43.0,1.0,1.0,27.0,42.0
111284344.0,1112843444.0,1.0,4.0,11.0,40.0,1.0,0.0,1.0,2.0,1.0,44.0,1.0,1.0,28.0,43.0
111284344.0,1112843444.0,2.0,4.0,11.0,40.0,1.0,0.0,0.0,0.0,2.0,44.0,1.0,1.0,28.0,43.0
111284344.0,1112843444.0,3.0,4.0,11.0,40.0,1.0,0.0,1.0,2.0,3.0,44.0,1.0,1.0,28.0,43.0
111284344.0,1112843444.0,4.0,4.0,11.0,40.0,1.0,0.0,1.0,5.0,4.0,44.0,1.0,1.0,28.0,43.0
111284344.0,1112843444.0,5.0,4.0,11.0,40.0,1.0,0.0,0.0,0.0,5.0,44.0,1.0,1.0,28.0,43.0
112294445.0,1122944451.0,1.0,1.0,12.0,40.0,1.0,0.0,0.0,0.0,1.0,45.0,1.0,1.0,29.0,44.0
112294445.0,1122944451.0,2.0,1.0,12.0,40.0,1.0,0.0,0.0,0.0,2.0,45.0,1.0,1.0,29.0,44.0
112294445.0,1122944451.0,3.0,1.0,12.0,40.0,1.0,0.0,0.0,0.0,3.0,45.0,1.0,1.0,29.0,44.0
112294445.0,1122944451.0,4.0,1.0,12.0,40.0,1.0,0.0,0.0,0.0,4.0,45.0,1.0,1.0,29.0,44.0
112294445.0,1122944451.0,5.0,1.0,12.0,40.0,1.0,0.0,0.0,0.0,5.0,45.0,1.0,1.0,29.0,44.0
112304546.0,1123045462.0,1.0,2.0,12.0,40.0,1.0,0.0,0.0,0.0,1.0,46.0,1.0,1.0,30.0,45.0
112304546.0,1123045462.0,2.0,2.0,12.0,40.0,1.0,0.0,0.0,0.0,2.0,46.0,1.0,1.0,30.0,45.0
112304546.0,1123045462.0,3.0,2.0,12.0,40.0,0.0,3.0,0.0,0.0,3.0,46.0,1.0,1.0,30.0,45.0
112304546.0,1123045462.0,4.0,2.0,12.0,40.0,0.0,3.0,0.0,0.0,4.0,46.0,1.0,1.0,30.0,45.0
112304546.0,1123045462.0,5.0,2.0,12.0,40.0,1.0,0.0,0.0,0.0,5.0,46.0,1.0,1.0,30.0,45.0
112304647.0,1123046473.0,1.0,3.0,12.0,40.0,1.0,0.0,0.0,0.0,1.0,47.0,1.0,1.0,30.0,46.0
112304647.0,1123046473.0,2.0,3.0,12.0,40.0,1.0,0.0,0.0,0.0,2.0,47.0,1.0,1.0,30.0,46.0
112304647.0,1123046473.0,3.0,3.0,12.0,40.0,0.0,4.0,0.0,0.0,3.0,47.0,1.0,1.0,30.0,46.0
112304647.0,1123046473.0,4.0,3.0,12.0,40.0,0.0,4.0,0.0,0.0,4.0,47.0,1.0,1.0,30.0,46.0
112304647.0,1123046473.0,5.0,3.0,12.0,40.0,0.0,4.0,0.0,0.0,5.0,47.0,1.0,1.0,30.0,46.0
112314748.0,1123147484.0,1.0,4.0,12.0,40.0,1.0,0.0,1.0,3.0,1.0,48.0,1.0,1.0,31.0,47.0
112314748.0,1123147484.0,2.0,4.0,12.0,40.0,1.0,0.0,0.0,0.0,2.0,48.0,1.0,1.0,31.0,47.0
112314748.0,1123147484.0,3.0,4.0,12.0,40.0,1.0,0.0,0.0,0.0,3.0,48.0,1.0,1.0,31.0,47.0
112314748.0,1123147484.0,4.0,4.0,12.0,40.0,1.0,0.0,0.0,0.0,4.0,48.0,1.0,1.0,31.0,47.0
112314748.0,1123147484.0,5.0,4.0,12.0,40.0,1.0,0.0,0.0,0.0,5.0,48.0,1.0,1.0,31.0,47.0
213324849.0,2133248491.0,1.0,1.0,13.0,40.0,1.0,0.0,0.0,0.0,1.0,49.0,2.0,1.0,32.0,48.0
213324849.0,2133248491.0,2.0,1.0,13.0,40.0,1.0,0.0,0.0,0.0,2.0,49.0,2.0,1.0,32.0,48.0
213324849.0,2133248491.0,3.0,1.0,13.0,40.0,1.0,0.0,0.0,0.0,3.0,49.0,2.0,1.0,32.0,48.0
213324849.0,2133248491.0,4.0,1.0,13.0,40.0,1.0,0.0,0.0,0.0,4.0,49.0,2.0,1.0,32.0,48.0
213324849.0,2133248491.0,5.0,1.0,13.0,40.0,1.0,0.0,0.0,0.0,5.0,49.0,2.0,1.0,32.0,48.0
213324950.0,2133249502.0,1.0,2.0,13.0,40.0,1.0,0.0,0.0,0.0,1.0,50.0,2.0,1.0,32.0,49.0
213324950.0,2133249502.0,2.0,2.0,13.0,40.0,1.0,0.0,0.0,0.0,2.0,50.0,2.0,1.0,32.0,49.0
213324950.0,2133249502.0,3.0,2.0,13.0,40.0,1.0,0.0,0.0,0.0,3.0,50.0,2.0,1.0,32.0,49.0
213324950.0,2133249502.0,4.0,2.0,13.0,40.0,1.0,0.0,0.0,0.0,4.0,50.0,2.0,1.0,32.0,49.0
213324950.0,2133249502.0,5.0,2.0,13.0,40.0,1.0,0.0,0.0,0.0,5.0,50.0,2.0,1.0,32.0,49.0
213324952.0,2133249523.0,1.0,3.0,13.0,40.0,1.0,0.0,0.0,0.0,1.0,52.0,2.0,1.0,32.0,49.0
213324952.0,2133249523.0,2.0,3.0,13.0,40.0,1.0,0.0,0.0,0.0,2.0,52.0,2.0,1.0,32.0,49.0
213324952.0,2133249523.0,3.0,3.0,13.0,40.0,1.0,0.0,0.0,0.0,3.0,52.0,2.0,1.0,32.0,49.0
213324952.0,2133249523.0,4.0,3.0,13.0,40.0,1.0,0.0,0.0,0.0,4.0,52.0,2.0,1.0,32.0,49.0
213324952.0,2133249523.0,5.0,3.0,13.0,40.0,1.0,0.0,0.0,0.0,5.0,52.0,2.0,1.0,32.0,49.0
213335051.0,2133351514.0,1.0,4.0,13.0,40.0,1.0,0.0,1.0,2.0,1.0,51.0,2.0,1.0,33.0,50.0
213335051.0,2133351514.0,2.0,4.0,13.0,40.0,1.0,0.0,1.0,1.0,2.0,51.0,2.0,1.0,33.0,50.0
213335051.0,2133351514.0,3.0,4.0,13.0,40.0,1.0,0.0,0.0,0.0,3.0,51.0,2.0,1.0,33.0,50.0
213335051.0,2133351514.0,4.0,4.0,13.0,40.0,1.0,0.0,0.0,0.0,4.0,51.0,2.0,1.0,33.0,50.0
213335051.0,2133351514.0,5.0,4.0,13.0,40.0,1.0,0.0,0.0,0.0,5.0,51.0,2.0,1.0,33.0,50.0
214345253.0,2143452531.0,1.0,1.0,14.0,40.0,1.0,0.0,1.0,5.0,1.0,53.0,2.0,1.0,34.0,52.0
214345253.0,2143452531.0,2.0,1.0,14.0,40.0,1.0,0.0,0.0,0.0,2.0,53.0,2.0,1.0,34.0,52.0
214345253.0,2143452531.0,3.0,1.0,14.0,40.0,1.0,0.0,0.0,0.0,3.0,53.0,2.0,1.0,34.0,52.0
214345253.0,2143452531.0,4.0,1.0,14.0,40.0,1.0,0.0,0.0,0.0,4.0,53.0,2.0,1.0,34.0,52.0
214345253.0,2143452531.0,5.0,1.0,14.0,40.0,0.0,3.0,0.0,0.0,5.0,53.0,2.0,1.0,34.0,52.0
214355354.0,2143553542.0,1.0,2.0,14.0,40.0,1.0,0.0,0.0,0.0,1.0,54.0,2.0,1.0,35.0,53.0
214355354.0,2143553542.0,2.0,2.0,14.0,40.0,1.0,0.0,0.0,0.0,2.0,54.0,2.0,1.0,35.0,53.0
214355354.0,2143553542.0,3.0,2.0,14.0,40.0,0.0,2.0,0.0,0.0,3.0,54.0,2.0,1.0,35.0,53.0
214355354.0,2143553542.0,4.0,2.0,14.0,40.0,0.0,1.0,0.0,0.0,4.0,54.0,2.0,1.0,35.0,53.0
214355354.0,2143553542.0,5.0,2.0,14.0,40.0,0.0,3.0,0.0,0.0,5.0,54.0,2.0,1.0,35.0,53.0
214365455.0,2143654553.0,1.0,3.0,14.0,40.0,0.0,1.0,0.0,0.0,1.0,55.0,2.0,1.0,36.0,54.0
214365455.0,2143654553.0,2.0,3.0,14.0,40.0,0.0,1.0,0.0,0.0,2.0,55.0,2.0,1.0,36.0,54.0
214365455.0,2143654553.0,3.0,3.0,14.0,40.0,0.0,1.0,0.0,0.0,3.0,55.0,2.0,1.0,36.0,54.0
214365455.0,2143654553.0,4.0,3.0,14.0,40.0,0.0,1.0,0.0,0.0,4.0,55.0,2.0,1.0,36.0,54.0
214365455.0,2143654553.0,5.0,3.0,14.0,40.0,0.0,1.0,0.0,0.0,5.0,55.0,2.0,1.0,36.0,54.0
214375556.0,2143755564.0,1.0,4.0,14.0,40.0,1.0,0.0,1.0,3.0,1.0,56.0,2.0,1.0,37.0,55.0
214375556.0,2143755564.0,2.0,4.0,14.0,40.0,1.0,0.0,0.0,0.0,2.0,56.0,2.0,1.0,37.0,55.0
214375556.0,2143755564.0,3.0,4.0,14.0,40.0,1.0,0.0,0.0,0.0,3.0,56.0,2.0,1.0,37.0,55.0
214375556.0,2143755564.0,4.0,4.0,14.0,40.0,1.0,0.0,0.0,0.0,4.0,56.0,2.0,1.0,37.0,55.0
214375556.0,2143755564.0,5.0,4.0,14.0,40.0,1.0,0.0,0.0,0.0,5.0,56.0,2.0,1.0,37.0,55.0
215385657.0,2153856571.0,1.0,1.0,15.0,40.0,1.0,0.0,0.0,0.0,1.0,57.0,2.0,1.0,38.0,56.0
215385657.0,2153856571.0,2.0,1.0,15.0,40.0,1.0,0.0,0.0,0.0,2.0,57.0,2.0,1.0,38.0,56.0
215385657.0,2153856571.0,3.0,1.0,15.0,40.0,1.0,0.0,0.0,0.0,3.0,57.0,2.0,1.0,38.0,56.0
215385657.0,2153856571.0,4.0,1.0,15.0,40.0,1.0,0.0,0.0,0.0,4.0,57.0,2.0,1.0,38.0,56.0
215385657.0,2153856571.0,5.0,1.0,15.0,40.0,1.0,0.0,0.0,0.0,5.0,57.0,2.0,1.0,38.0,56.0
215395758.0,2153957582.0,1.0,2.0,15.0,40.0,1.0,0.0,1.0,3.0,1.0,58.0,2.0,1.0,39.0,57.0
215395758.0,2153957582.0,2.0,2.0,15.0,40.0,1.0,0.0,0.0,0.0,2.0,58.0,2.0,1.0,39.0,57.0
215395758.0,2153957582.0,3.0,2.0,15.0,40.0,1.0,0.0,0.0,0.0,3.0,58.0,2.0,1.0,39.0,57.0
215395758.0,2153957582.0,4.0,2.0,15.0,40.0,1.0,0.0,0.0,0.0,4.0,58.0,2.0,1.0,39.0,57.0
215395758.0,2153957582.0,5.0,2.0,15.0,40.0,1.0,0.0,0.0,0.0,5.0,58.0,2.0,1.0,39.0,57.0
215395859.0,2153958593.0,1.0,3.0,15.0,40.0,1.0,0.0,0.0,0.0,1.0,59.0,2.0,1.0,39.0,58.0
215395859.0,2153958593.0,2.0,3.0,15.0,40.0,1.0,0.0,0.0,0.0,2.0,59.0,2.0,1.0,39.0,58.0
215395859.0,2153958593.0,3.0,3.0,15.0,40.0,1.0,0.0,0.0,0.0,3.0,59.0,2.0,1.0,39.0,58.0
215395859.0,2153958593.0,4.0,3.0,15.0,40.0,1.0,0.0,0.0,0.0,4.0,59.0,2.0,1.0,39.0,58.0
215395859.0,2153958593.0,5.0,3.0,15.0,40.0,1.0,0.0,0.0,0.0,5.0,59.0,2.0,1.0,39.0,58.0
215405960.0,2154059604.0,1.0,4.0,15.0,40.0,1.0,0.0,0.0,0.0,1.0,60.0,2.0,1.0,40.0,59.0
215405960.0,2154059604.0,2.0,4.0,15.0,40.0,1.0,0.0,0.0,0.0,2.0,60.0,2.0,1.0,40.0,59.0
215405960.0,2154059604.0,3.0,4.0,15.0,40.0,1.0,0.0,0.0,0.0,3.0,60.0,2.0,1.0,40.0,59.0
215405960.0,2154059604.0,4.0,4.0,15.0,40.0,1.0,0.0,0.0,0.0,4.0,60.0,2.0,1.0,40.0,59.0
215405960.0,2154059604.0,5.0,4.0,15.0,40.0,1.0,0.0,0.0,0.0,5.0,60.0,2.0,1.0,40.0,59.0
216416061.0,2164160611.0,1.0,1.0,16.0,40.0,1.0,0.0,1.0,6.0,1.0,61.0,2.0,1.0,41.0,60.0
216416061.0,2164160611.0,2.0,1.0,16.0,40.0,1.0,0.0,0.0,0.0,2.0,61.0,2.0,1.0,41.0,60.0
216416061.0,2164160611.0,3.0,1.0,16.0,40.0,1.0,0.0,0.0,0.0,3.0,61.0,2.0,1.0,41.0,60.0
216416061.0,2164160611.0,4.0,1.0,16.0,40.0,1.0,0.0,0.0,0.0,4.0,61.0,2.0,1.0,41.0,60.0
216416061.0,2164160611.0,5.0,1.0,16.0,40.0,1.0,0.0,0.0,0.0,5.0,61.0,2.0,1.0,41.0,60.0
216416162.0,2164161622.0,1.0,2.0,16.0,40.0,0.0,6.0,0.0,0.0,1.0,62.0,2.0,1.0,41.0,61.0
216416162.0,2164161622.0,2.0,2.0,16.0,40.0,0.0,6.0,0.0,0.0,2.0,62.0,2.0,1.0,41.0,61.0
216416162.0,2164161622.0,3.0,2.0,16.0,40.0,0.0,6.0,0.0,0.0,3.0,62.0,2.0,1.0,41.0,61.0
216416162.0,2164161622.0,4.0,2.0,16.0,40.0,0.0,6.0,0.0,0.0,4.0,62.0,2.0,1.0,41.0,61.0
216416162.0,2164161622.0,5.0,2.0,16.0,40.0,0.0,6.0,0.0,0.0,5.0,62.0,2.0,1.0,41.0,61.0
216426263.0,2164262633.0,1.0,3.0,16.0,40.0,0.0,0.0,0.0,0.0,,63.0,2.0,1.0,42.0,62.0
216436364.0,2164363644.0,1.0,4.0,16.0,40.0,0.0,1.0,0.0,0.0,5.0,64.0,2.0,1.0,43.0,63.0
216436364.0,2164363644.0,2.0,4.0,16.0,40.0,1.0,0.0,1.0,5.0,1.0,64.0,2.0,1.0,43.0,63.0
216436364.0,2164363644.0,3.0,4.0,16.0,40.0,1.0,0.0,0.0,0.0,2.0,64.0,2.0,1.0,43.0,63.0
216436364.0,2164363644.0,4.0,4.0,16.0,40.0,1.0,0.0,0.0,0.0,3.0,64.0,2.0,1.0,43.0,63.0
216436364.0,2164363644.0,5.0,4.0,16.0,40.0,1.0,0.0,0.0,0.0,4.0,64.0,2.0,1.0,43.0,63.0
217446465.0,2174464651.0,1.0,1.0,17.0,40.0,1.0,0.0,0.0,0.0,5.0,65.0,2.0,1.0,44.0,64.0
217446465.0,2174464651.0,2.0,1.0,17.0,40.0,1.0,0.0,0.0,0.0,1.0,65.0,2.0,1.0,44.0,64.0
217446465.0,2174464651.0,3.0,1.0,17.0,40.0,1.0,0.0,0.0,0.0,2.0,65.0,2.0,1.0,44.0,64.0
217446465.0,2174464651.0,4.0,1.0,17.0,40.0,1.0,0.0,0.0,0.0,3.0,65.0,2.0,1.0,44.0,64.0
217446465.0,2174464651.0,5.0,1.0,17.0,40.0,1.0,0.0,0.0,0.0,4.0,65.0,2.0,1.0,44.0,64.0
217446566.0,2174465662.0,1.0,2.0,17.0,40.0,1.0,0.0,0.0,0.0,5.0,66.0,2.0,1.0,44.0,65.0
217446566.0,2174465662.0,2.0,2.0,17.0,40.0,1.0,0.0,1.0,1.0,1.0,66.0,2.0,1.0,44.0,65.0
217446566.0,2174465662.0,3.0,2.0,17.0,40.0,1.0,0.0,0.0,0.0,2.0,66.0,2.0,1.0,44.0,65.0
217446566.0,2174465662.0,4.0,2.0,17.0,40.0,1.0,0.0,0.0,0.0,3.0,66.0,2.0,1.0,44.0,65.0
217446566.0,2174465662.0,5.0,2.0,17.0,40.0,1.0,0.0,0.0,0.0,4.0,66.0,2.0,1.0,44.0,65.0
217446667.0,2174466673.0,1.0,3.0,17.0,40.0,1.0,0.0,0.0,0.0,5.0,67.0,2.0,1.0,44.0,66.0
217446667.0,2174466673.0,2.0,3.0,17.0,40.0,1.0,0.0,0.0,0.0,1.0,67.0,2.0,1.0,44.0,66.0
217446667.0,2174466673.0,3.0,3.0,17.0,40.0,1.0,0.0,0.0,0.0,2.0,67.0,2.0,1.0,44.0,66.0
217446667.0,2174466673.0,4.0,3.0,17.0,40.0,1.0,0.0,0.0,0.0,3.0,67.0,2.0,1.0,44.0,66.0
217446667.0,2174466673.0,5.0,3.0,17.0,40.0,1.0,0.0,0.0,0.0,4.0,67.0,2.0,1.0,44.0,66.0
217456768.0,2174567684.0,1.0,4.0,17.0,40.0,0.0,3.0,0.0,0.0,5.0,68.0,2.0,1.0,45.0,67.0
217456768.0,2174567684.0,2.0,4.0,17.0,40.0,0.0,3.0,0.0,0.0,1.0,68.0,2.0,1.0,45.0,67.0
217456768.0,2174567684.0,3.0,4.0,17.0,40.0,0.0,3.0,0.0,0.0,2.0,68.0,2.0,1.0,45.0,67.0
217456768.0,2174567684.0,4.0,4.0,17.0,40.0,0.0,3.0,0.0,0.0,3.0,68.0,2.0,1.0,45.0,67.0
217456768.0,2174567684.0,5.0,4.0,17.0,40.0,0.0,3.0,0.0,0.0,4.0,68.0,2.0,1.0,45.0,67.0
318466869.0,3184668691.0,1.0,1.0,18.0,50.0,1.0,0.0,0.0,0.0,5.0,69.0,3.0,1.0,46.0,68.0
318466869.0,3184668691.0,2.0,1.0,18.0,40.0,1.0,0.0,0.0,0.0,1.0,69.0,3.0,1.0,46.0,68.0
318466869.0,3184668691.0,3.0,1.0,18.0,40.0,1.0,0.0,0.0,0.0,2.0,69.0,3.0,1.0,46.0,68.0
318466869.0,3184668691.0,4.0,1.0,18.0,40.0,1.0,0.0,0.0,0.0,3.0,69.0,3.0,1.0,46.0,68.0
318466869.0,3184668691.0,5.0,1.0,18.0,40.0,1.0,0.0,0.0,0.0,4.0,69.0,3.0,1.0,46.0,68.0
318466970.0,3184669702.0,1.0,2.0,18.0,50.0,1.0,0.0,0.0,0.0,5.0,70.0,3.0,1.0,46.0,69.0
318466970.0,3184669702.0,2.0,2.0,18.0,50.0,1.0,0.0,0.0,0.0,1.0,70.0,3.0,1.0,46.0,69.0
318466970.0,3184669702.0,3.0,2.0,18.0,50.0,1.0,0.0,0.0,0.0,2.0,70.0,3.0,1.0,46.0,69.0
318466970.0,3184669702.0,4.0,2.0,18.0,50.0,1.0,0.0,0.0,0.0,3.0,70.0,3.0,1.0,46.0,69.0
318466970.0,3184669702.0,5.0,2.0,18.0,50.0,1.0,0.0,0.0,0.0,4.0,70.0,3.0,1.0,46.0,69.0
318467071.0,3184670713.0,1.0,3.0,18.0,50.0,1.0,0.0,0.0,0.0,5.0,71.0,3.0,1.0,46.0,70.0
318467071.0,3184670713.0,2.0,3.0,18.0,50.0,1.0,0.0,0.0,0.0,1.0,71.0,3.0,1.0,46.0,70.0
318467071.0,3184670713.0,3.0,3.0,18.0,50.0,1.0,0.0,0.0,0.0,2.0,71.0,3.0,1.0,46.0,70.0
318467071.0,3184670713.0,4.0,3.0,18.0,50.0,1.0,0.0,1.0,1.0,3.0,71.0,3.0,1.0,46.0,70.0
318467071.0,3184670713.0,5.0,3.0,18.0,50.0,0.0,4.0,0.0,0.0,4.0,71.0,3.0,1.0,46.0,70.0
318467172.0,3184671724.0,1.0,4.0,18.0,50.0,0.0,3.0,0.0,0.0,5.0,72.0,3.0,1.0,46.0,71.0
318467172.0,3184671724.0,2.0,4.0,18.0,50.0,0.0,3.0,1.0,3.0,1.0,72.0,3.0,1.0,46.0,71.0
318467172.0,3184671724.0,3.0,4.0,18.0,50.0,0.0,3.0,0.0,0.0,2.0,72.0,3.0,1.0,46.0,71.0
318467172.0,3184671724.0,4.0,4.0,18.0,50.0,0.0,3.0,0.0,0.0,3.0,72.0,3.0,1.0,46.0,71.0
318467172.0,3184671724.0,5.0,4.0,18.0,50.0,0.0,3.0,0.0,0.0,4.0,72.0,3.0,1.0,46.0,71.0
319477273.0,3194772731.0,1.0,1.0,19.0,40.0,1.0,0.0,0.0,0.0,5.0,73.0,3.0,1.0,47.0,72.0
319477273.0,3194772731.0,2.0,1.0,19.0,50.0,1.0,0.0,0.0,0.0,1.0,73.0,3.0,1.0,47.0,72.0
319477273.0,3194772731.0,3.0,1.0,19.0,50.0,1.0,0.0,0.0,0.0,2.0,73.0,3.0,1.0,47.0,72.0
319477273.0,3194772731.0,4.0,1.0,19.0,50.0,1.0,0.0,0.0,0.0,3.0,73.0,3.0,1.0,47.0,72.0
319477273.0,3194772731.0,5.0,1.0,19.0,50.0,1.0,0.0,0.0,0.0,4.0,73.0,3.0,1.0,47.0,72.0
319477274.0,3194772742.0,1.0,2.0,19.0,40.0,1.0,0.0,0.0,0.0,5.0,74.0,3.0,1.0,47.0,72.0
319477274.0,3194772742.0,2.0,2.0,19.0,40.0,1.0,0.0,0.0,0.0,1.0,74.0,3.0,1.0,47.0,72.0
319477274.0,3194772742.0,3.0,2.0,19.0,40.0,1.0,0.0,0.0,0.0,2.0,74.0,3.0,1.0,47.0,72.0
319477274.0,3194772742.0,4.0,2.0,19.0,40.0,1.0,0.0,0.0,0.0,3.0,74.0,3.0,1.0,47.0,72.0
319477274.0,3194772742.0,5.0,2.0,19.0,40.0,1.0,0.0,0.0,0.0,4.0,74.0,3.0,1.0,47.0,72.0
319477375.0,3194773753.0,1.0,3.0,19.0,40.0,1.0,0.0,0.0,0.0,5.0,75.0,3.0,1.0,47.0,73.0
319477375.0,3194773753.0,2.0,3.0,19.0,40.0,1.0,0.0,1.0,6.0,1.0,75.0,3.0,1.0,47.0,73.0
319477375.0,3194773753.0,3.0,3.0,19.0,40.0,1.0,0.0,1.0,3.0,2.0,75.0,3.0,1.0,47.0,73.0
319477375.0,3194773753.0,4.0,3.0,19.0,40.0,1.0,0.0,1.0,6.0,3.0,75.0,3.0,1.0,47.0,73.0
319477375.0,3194773753.0,5.0,3.0,19.0,40.0,1.0,0.0,0.0,0.0,4.0,75.0,3.0,1.0,47.0,73.0
319487476.0,3194874764.0,1.0,4.0,19.0,40.0,1.0,0.0,0.0,0.0,5.0,76.0,3.0,1.0,48.0,74.0
319487476.0,3194874764.0,2.0,4.0,19.0,40.0,1.0,0.0,0.0,0.0,1.0,76.0,3.0,1.0,48.0,74.0
319487476.0,3194874764.0,3.0,4.0,19.0,40.0,1.0,0.0,0.0,0.0,2.0,76.0,3.0,1.0,48.0,74.0
319487476.0,3194874764.0,4.0,4.0,19.0,40.0,1.0,0.0,1.0,10.0,3.0,76.0,3.0,1.0,48.0,74.0
319487476.0,3194874764.0,5.0,4.0,19.0,40.0,1.0,0.0,0.0,0.0,4.0,76.0,3.0,1.0,48.0,74.0
101010101.0,,2.0,,,40.0,,,0.0,,Agricultural land (cultivable),,,,,
101010101.0,,3.0,,,40.0,,,0.0,,Agricultural land (non-cultiva,,,,,
101010101.0,,4.0,,,40.0,,,0.0,,Residential land (without cons,,,,,
101010101.0,,5.0,,,40.0,,,0.0,,Residential land (with constru,,,,,
101010101.0,,1.0,,,,,,0.0,,Land for animal sheds (e.g. da,,,,,
101010202.0,,2.0,,,,,,1.0,10.0,Agricultural land (cultivable),,,,,
101010202.0,,3.0,,,,,,0.0,,Agricultural land (non-cultiva,,,,,
101010202.0,,4.0,,,,,,0.0,,Residential land (without cons,,,,,
101010202.0,,5.0,,,,,,0.0,,Residential land (with constru,,,,,
101010202.0,,1.0,,,,,,0.0,,Land for animal sheds (e.g. da,,,,,
101010203.0,,2.0,,,,,,1.0,2.0,Agricultural land (cultivable),,,,,
101010203.0,,3.0,,,,,,0.0,,Agricultural land (non-cultiva,,,,,
101010203.0,,4.0,,,,,,1.0,2.0,Residential land (without cons,,,,,
101010203.0,,5.0,,,,,,0.0,,Residential land (with constru,,,,,
101010203.0,,1.0,,,,,,0.0,,Land for animal sheds (e.g. da,,,,,
101020304.0,,2.0,,,,,,1.0,1.0,Agricultural land (cultivable),,,,,
101020304.0,,3.0,,,,,,0.0,,Agricultural land (non-cultiva,,,,,
101020304.0,,4.0,,,,,,1.0,4.0,Residential land (without cons,,,,,
101020304.0,,5.0,,,,,,1.0,1.0,Residential land (with constru,,,,,
101020304.0,,1.0,,,,,,0.0,,Land for animal sheds (e.g. da,,,,,
102030405.0,,2.0,,,,,,1.0,6.0,Agricultural land (cultivable),,,,,
102030405.0,,3.0,,,,,,0.0,,Agricultural land (non-cultiva,,,,,
102030405.0,,4.0,,,,,,1.0,1.0,Residential land (without cons,,,,,
102030405.0,,5.0,,,,,,1.0,1.0,Residential land (with constru,,,,,
102030405.0,,1.0,,,,,,0.0,,Land for animal sheds (e.g. da,,,,,
102030506.0,,2.0,,,,,,1.0,2.0,Agricultural land (cultivable),,,,,
102030506.0,,3.0,,,,,,0.0,,Agricultural land (non-cultiva,,,,,
102030506.0,,4.0,,,,,,0.0,,Residential land (without cons,,,,,
102030506.0,,5.0,,,,,,0.0,,Residential land (with constru,,,,,
102030506.0,,1.0,,,,,,0.0,,Land for animal sheds (e.g. da,,,,,
102030607.0,,2.0,,,,,,1.0,4.0,Agricultural land (cultivable),,,,,
102030607.0,,3.0,,,,,,1.0,2.0,Agricultural land (non-cultiva,,,,,
102030607.0,,4.0,,,,,,1.0,1.0,Residential land (without cons,,,,,
102030607.0,,5.0,,,,,,0.0,,Residential land (with constru,,,,,
102030607.0,,1.0,,,,,,0.0,,Land for animal sheds (e.g. da,,,,,
102040708.0,,2.0,,,,,,1.0,10.0,Agricultural land (cultivable),,,,,
102040708.0,,3.0,,,,,,1.0,8.0,Agricultural land (non-cultiva,,,,,
102040708.0,,4.0,,,,,,1.0,2.0,Residential land (without cons,,,,,
102040708.0,,5.0,,,,,,0.0,,Residential land (with constru,,,,,
102040708.0,,1.0,,,,,,0.0,,Land for animal sheds (e.g. da,,,,,
103050809.0,,2.0,,,,,,1.0,3.0,Agricultural land (cultivable),,,,,
103050809.0,,3.0,,,,,,1.0,4.0,Agricultural land (non-cultiva,,,,,
103050809.0,,4.0,,,,,,1.0,1.0,Residential land (without cons,,,,,
103050809.0,,5.0,,,,,,1.0,5.0,Residential land (with constru,,,,,
103050809.0,,1.0,,,,,,0.0,,Land for animal sheds (e.g. da,,,,,
103060910.0,,2.0,,,,,,1.0,1.0,Agricultural land (cultivable),,,,,
103060910.0,,3.0,,,,,,0.0,,Agricultural land (non-cultiva,,,,,
103060910.0,,4.0,,,,,,0.0,,Residential land (without cons,,,,,
103060910.0,,5.0,,,,,,0.0,,Residential land (with constru,,,,,
103060910.0,,1.0,,,,,,0.0,,Land for animal sheds (e.g. da,,,,,
103061011.0,,2.0,,,,,,1.0,4.0,Agricultural land (cultivable),,,,,
103061011.0,,3.0,,,,,,0.0,,Agricultural land (non-cultiva,,,,,
103061011.0,,4.0,,,,,,0.0,,Residential land (without cons,,,,,
103061011.0,,5.0,,,,,,0.0,,Residential land (with constru,,,,,
103061011.0,,1.0,,,,,,0.0,,Land for animal sheds (e.g. da,,,,,
103071112.0,,2.0,,,,,,1.0,2.0,Agricultural land (cultivable),,,,,
103071112.0,,3.0,,,,,,0.0,,Agricultural land (non-cultiva,,,,,
103071112.0,,4.0,,,,,,1.0,10.0,Residential land (without cons,,,,,
103071112.0,,5.0,,,,,,1.0,15.0,Residential land (with constru,,,,,
103071112.0,,1.0,,,,,,0.0,,Land for animal sheds (e.g. da,,,,,
104081213.0,,2.0,,,,,,1.0,5.0,Agricultural land (cultivable),,,,,
104081213.0,,3.0,,,,,,0.0,,Agricultural land (non-cultiva,,,,,
104081213.0,,4.0,,,,,,0.0,,Residential land (without cons,,,,,
104081213.0,,5.0,,,,,,0.0,,Residential land (with constru,,,,,
104081213.0,,1.0,,,,,,0.0,,Land for animal sheds (e.g. da,,,,,
104081314.0,,2.0,,,,,,1.0,10.0,Agricultural land (cultivable),,,,,
104081314.0,,3.0,,,,,,1.0,4.0,Agricultural land (non-cultiva,,,,,
104081314.0,,4.0,,,,,,1.0,3.0,Residential land (without cons,,,,,
104081314.0,,5.0,,,,,,0.0,,Residential land (with constru,,,,,
104081314.0,,1.0,,,,,,0.0,,Land for animal sheds (e.g. da,,,,,
104081415.0,,2.0,,,,,,1.0,8.0,Agricultural land (cultivable),,,,,
104081415.0,,3.0,,,,,,0.0,,Agricultural land (non-cultiva,,,,,
104081415.0,,4.0,,,,,,1.0,3.0,Residential land (without cons,,,,,
104081415.0,,5.0,,,,,,1.0,2.0,Residential land (with constru,,,,,
104081415.0,,1.0,,,,,,0.0,,Land for animal sheds (e.g. da,,,,,
104091516.0,,2.0,,,,,,0.0,,Agricultural land (cultivable),,,,,
104091516.0,,3.0,,,,,,0.0,,Agricultural land (non-cultiva,,,,,
104091516.0,,4.0,,,,,,0.0,,Residential land (without cons,,,,,
104091516.0,,5.0,,,,,,0.0,,Residential land (with constru,,,,,
104091516.0,,1.0,,,,,,0.0,,Land for animal sheds (e.g. da,,,,,
105101617.0,,2.0,,,,,,1.0,3.0,Agricultural land (cultivable),,,,,
105101617.0,,3.0,,,,,,1.0,1.0,Agricultural land (non-cultiva,,,,,
105101617.0,,4.0,,,,,,1.0,1.0,Residential land (without cons,,,,,
105101617.0,,5.0,,,,,,1.0,1.0,Residential land (with constru,,,,,
105101617.0,,1.0,,,,,,0.0,,Land for animal sheds (e.g. da,,,,,
105101718.0,,2.0,,,,,,1.0,5.0,Agricultural land (cultivable),,,,,
105101718.0,,3.0,,,,,,1.0,1.0,Agricultural land (non-cultiva,,,,,
105101718.0,,4.0,,,,,,1.0,1.0,Residential land (without cons,,,,,
105101718.0,,5.0,,,,,,1.0,1.0,Residential land (with constru,,,,,
105101718.0,,1.0,,,,,,1.0,4.0,Land for animal sheds (e.g. da,,,,,
105111819.0,,2.0,,,,,,0.0,,Agricultural land (cultivable),,,,,
105111819.0,,3.0,,,,,,0.0,,Agricultural land (non-cultiva,,,,,
105111819.0,,4.0,,,,,,0.0,,Residential land (without cons,,,,,
105111819.0,,5.0,,,,,,0.0,,Residential land (with constru,,,,,
105111819.0,,1.0,,,,,,0.0,,Land for animal sheds (e.g. da,,,,,
105121920.0,,2.0,,,,,,0.0,,Agricultural land (cultivable),,,,,
105121920.0,,3.0,,,,,,0.0,,Agricultural land (non-cultiva,,,,,
105121920.0,,4.0,,,,,,0.0,,Residential land (without cons,,,,,
105121920.0,,5.0,,,,,,0.0,,Residential land (with constru,,,,,
105121920.0,,1.0,,,,,,0.0,,Land for animal sheds (e.g. da,,,,,
106132021.0,,2.0,,,,,,0.0,,Agricultural land (cultivable),,,,,
106132021.0,,3.0,,,,,,0.0,,Agricultural land (non-cultiva,,,,,
106132021.0,,4.0,,,,,,0.0,,Residential land (without cons,,,,,
106132021.0,,5.0,,,,,,0.0,,Residential land (with constru,,,,,
106132021.0,,1.0,,,,,,0.0,,Land for animal sheds (e.g. da,,,,,
106132122.0,,2.0,,,,,,1.0,2.0,Agricultural land (cultivable),,,,,
106132122.0,,3.0,,,,,,0.0,,Agricultural land (non-cultiva,,,,,
106132122.0,,4.0,,,,,,0.0,,Residential land (without cons,,,,,
106132122.0,,5.0,,,,,,0.0,,Residential land (with constru,,,,,
106132122.0,,1.0,,,,,,0.0,,Land for animal sheds (e.g. da,,,,,
106142223.0,,2.0,,,,,,1.0,3.0,Agricultural land (cultivable),,,,,
106142223.0,,3.0,,,,,,0.0,,Agricultural land (non-cultiva,,,,,
106142223.0,,4.0,,,,,,0.0,,Residential land (without cons,,,,,
106142223.0,,5.0,,,,,,0.0,,Residential land (with constru,,,,,
106142223.0,,1.0,,,,,,0.0,,Land for animal sheds (e.g. da,,,,,
106142324.0,,2.0,,,,,,1.0,2.0,Agricultural land (cultivable),,,,,
106142324.0,,3.0,,,,,,0.0,,Agricultural land (non-cultiva,,,,,
106142324.0,,4.0,,,,,,0.0,,Residential land (without cons,,,,,
106142324.0,,5.0,,,,,,0.0,,Residential land (with constru,,,,,
106142324.0,,1.0,,,,,,0.0,,Land for animal sheds (e.g. da,,,,,
107152425.0,,2.0,,,,,,1.0,140.0,Agricultural land (cultivable),,,,,
107152425.0,,3.0,,,,,,1.0,50.0,Agricultural land (non-cultiva,,,,,
107152425.0,,4.0,,,,,,1.0,200.0,Residential land (without cons,,,,,
107152425.0,,5.0,,,,,,1.0,40.0,Residential land (with constru,,,,,
107152425.0,,1.0,,,,,,0.0,,Land for animal sheds (e.g. da,,,,,
107152627.0,,2.0,,,,,,1.0,60.0,Agricultural land (cultivable),,,,,
107152627.0,,3.0,,,,,,0.0,,Agricultural land (non-cultiva,,,,,
107152627.0,,4.0,,,,,,1.0,2.0,Residential land (without cons,,,,,
107152627.0,,5.0,,,,,,0.0,,Residential land (with constru,,,,,
107152627.0,,1.0,,,,,,0.0,,Land for animal sheds (e.g. da,,,,,
107162526.0,,2.0,,,,,,0.0,,Agricultural land (cultivable),,,,,
107162526.0,,3.0,,,,,,0.0,,Agricultural land (non-cultiva,,,,,
107162526.0,,4.0,,,,,,1.0,2.0,Residential land (without cons,,,,,
107162526.0,,5.0,,,,,,1.0,2.0,Residential land (with constru,,,,,
107162526.0,,1.0,,,,,,0.0,,Land for animal sheds (e.g. da,,,,,
107172728.0,,2.0,,,,,,0.0,,Agricultural land (cultivable),,,,,
107172728.0,,3.0,,,,,,0.0,,Agricultural land (non-cultiva,,,,,
107172728.0,,4.0,,,,,,0.0,,Residential land (without cons,,,,,
107172728.0,,5.0,,,,,,0.0,,Residential land (with constru,,,,,
107172728.0,,1.0,,,,,,0.0,,Land for animal sheds (e.g. da,,,,,
108182829.0,,2.0,,,,,,0.0,,Agricultural land (cultivable),,,,,
108182829.0,,3.0,,,,,,0.0,,Agricultural land (non-cultiva,,,,,
108182829.0,,4.0,,,,,,0.0,,Residential land (without cons,,,,,
108182829.0,,5.0,,,,,,0.0,,Residential land (with constru,,,,,
108182829.0,,1.0,,,,,,0.0,,Land for animal sheds (e.g. da,,,,,
108192930.0,,2.0,,,,,,1.0,4.0,Agricultural land (cultivable),,,,,
108192930.0,,3.0,,,,,,0.0,,Agricultural land (non-cultiva,,,,,
108192930.0,,4.0,,,,,,1.0,3.0,Residential land (without cons,,,,,
108192930.0,,5.0,,,,,,0.0,,Residential land (with constru,,,,,
108192930.0,,1.0,,,,,,0.0,,Land for animal sheds (e.g. da,,,,,
108203031.0,,2.0,,,,,,1.0,3.0,Agricultural land (cultivable),,,,,
108203031.0,,3.0,,,,,,0.0,,Agricultural land (non-cultiva,,,,,
108203031.0,,4.0,,,,,,0.0,,Residential land (without cons,,,,,
108203031.0,,5.0,,,,,,0.0,,Residential land (with constru,,,,,
108203031.0,,1.0,,,,,,0.0,,Land for animal sheds (e.g. da,,,,,
108213132.0,,2.0,,,,,,1.0,5.0,Agricultural land (cultivable),,,,,
108213132.0,,3.0,,,,,,0.0,,Agricultural land (non-cultiva,,,,,
108213132.0,,4.0,,,,,,0.0,,Residential land (without cons,,,,,
108213132.0,,5.0,,,,,,0.0,,Residential land (with constru,,,,,
108213132.0,,1.0,,,,,,0.0,,Land for animal sheds (e.g. da,,,,,
109223233.0,,2.0,,,,,,1.0,2.0,Agricultural land (cultivable),,,,,
109223233.0,,3.0,,,,,,0.0,,Agricultural land (non-cultiva,,,,,
109223233.0,,4.0,,,,,,1.0,1.0,Residential land (without cons,,,,,
109223233.0,,5.0,,,,,,1.0,2.0,Residential land (with constru,,,,,
109223233.0,,1.0,,,,,,0.0,,Land for animal sheds (e.g. da,,,,,
109223334.0,,2.0,,,,,,1.0,15.0,Agricultural land (cultivable),,,,,
109223334.0,,3.0,,,,,,0.0,,Agricultural land (non-cultiva,,,,,
109223334.0,,4.0,,,,,,1.0,2.0,Residential land (without cons,,,,,
109223334.0,,5.0,,,,,,0.0,,Residential land (with constru,,,,,
109223334.0,,1.0,,,,,,0.0,,Land for animal sheds (e.g. da,,,,,
109233435.0,,2.0,,,,,,0.0,,Agricultural land (cultivable),,,,,
109233435.0,,3.0,,,,,,0.0,,Agricultural land (non-cultiva,,,,,
109233435.0,,4.0,,,,,,0.0,,Residential land (without cons,,,,,
109233435.0,,5.0,,,,,,0.0,,Residential land (with constru,,,,,
109233435.0,,1.0,,,,,,0.0,,Land for animal sheds (e.g. da,,,,,
109233536.0,,2.0,,,,,,1.0,1.0,Agricultural land (cultivable),,,,,
109233536.0,,3.0,,,,,,0.0,,Agricultural land (non-cultiva,,,,,
109233536.0,,4.0,,,,,,0.0,,Residential land (without cons,,,,,
109233536.0,,5.0,,,,,,0.0,,Residential land (with constru,,,,,
109233536.0,,1.0,,,,,,0.0,,Land for animal sheds (e.g. da,,,,,
110243637.0,,2.0,,,,,,1.0,10.0,Agricultural land (cultivable),,,,,
110243637.0,,3.0,,,,,,0.0,,Agricultural land (non-cultiva,,,,,
110243637.0,,4.0,,,,,,1.0,4.0,Residential land (without cons,,,,,
110243637.0,,5.0,,,,,,1.0,5.0,Residential land (with constru,,,,,
110243637.0,,1.0,,,,,,0.0,,Land for animal sheds (e.g. da,,,,,
110243738.0,,2.0,,,,,,1.0,10.0,Agricultural land (cultivable),,,,,
110243738.0,,3.0,,,,,,0.0,,Agricultural land (non-cultiva,,,,,
110243738.0,,4.0,,,,,,0.0,,Residential land (without cons,,,,,
110243738.0,,5.0,,,,,,0.0,,Residential land (with constru,,,,,
110243738.0,,1.0,,,,,,0.0,,Land for animal sheds (e.g. da,,,,,
110243839.0,,2.0,,,,,,1.0,3.0,Agricultural land (cultivable),,,,,
110243839.0,,3.0,,,,,,0.0,,Agricultural land (non-cultiva,,,,,
110243839.0,,4.0,,,,,,0.0,,Residential land (without cons,,,,,
110243839.0,,5.0,,,,,,1.0,1.0,Residential land (with constru,,,,,
110243839.0,,1.0,,,,,,0.0,,Land for animal sheds (e.g. da,,,,,
110253940.0,,2.0,,,,,,1.0,10.0,Agricultural land (cultivable),,,,,
110253940.0,,3.0,,,,,,0.0,,Agricultural land (non-cultiva,,,,,
110253940.0,,4.0,,,,,,1.0,5.0,Residential land (without cons,,,,,
110253940.0,,5.0,,,,,,0.0,,Residential land (with constru,,,,,
110253940.0,,1.0,,,,,,0.0,,Land for animal sheds (e.g. da,,,,,
111264041.0,,2.0,,,,,,0.0,,Agricultural land (cultivable),,,,,
111264041.0,,3.0,,,,,,0.0,,Agricultural land (non-cultiva,,,,,
111264041.0,,4.0,,,,,,0.0,,Residential land (without cons,,,,,
111264041.0,,5.0,,,,,,0.0,,Residential land (with constru,,,,,
111264041.0,,1.0,,,,,,0.0,,Land for animal sheds (e.g. da,,,,,
111274142.0,,2.0,,,,,,1.0,4.0,Agricultural land (cultivable),,,,,
111274142.0,,3.0,,,,,,0.0,,Agricultural land (non-cultiva,,,,,
111274142.0,,4.0,,,,,,1.0,6.0,Residential land (without cons,,,,,
111274142.0,,5.0,,,,,,1.0,6.0,Residential land (with constru,,,,,
111274142.0,,1.0,,,,,,0.0,,Land for animal sheds (e.g. da,,,,,
111274243.0,,2.0,,,,,,1.0,3.0,Agricultural land (cultivable),,,,,
111274243.0,,3.0,,,,,,0.0,,Agricultural land (non-cultiva,,,,,
111274243.0,,4.0,,,,,,0.0,,Residential land (without cons,,,,,
111274243.0,,5.0,,,,,,0.0,,Residential land (with constru,,,,,
111274243.0,,1.0,,,,,,0.0,,Land for animal sheds (e.g. da,,,,,
111284344.0,,2.0,,,,,,1.0,4.0,Agricultural land (cultivable),,,,,
111284344.0,,3.0,,,,,,0.0,,Agricultural land (non-cultiva,,,,,
111284344.0,,4.0,,,,,,0.0,,Residential land (without cons,,,,,
111284344.0,,5.0,,,,,,1.0,2.0,Residential land (with constru,,,,,
111284344.0,,1.0,,,,,,0.0,,Land for animal sheds (e.g. da,,,,,
112294445.0,,2.0,,,,,,0.0,,Agricultural land (cultivable),,,,,
112294445.0,,3.0,,,,,,0.0,,Agricultural land (non-cultiva,,,,,
112294445.0,,4.0,,,,,,0.0,,Residential land (without cons,,,,,
112294445.0,,5.0,,,,,,1.0,1.0,Residential land (with constru,,,,,
112294445.0,,1.0,,,,,,0.0,,Land for animal sheds (e.g. da,,,,,
112304546.0,,2.0,,,,,,1.0,1.0,Agricultural land (cultivable),,,,,
112304546.0,,3.0,,,,,,0.0,,Agricultural land (non-cultiva,,,,,
112304546.0,,4.0,,,,,,0.0,,Residential land (without cons,,,,,
112304546.0,,5.0,,,,,,1.0,2.0,Residential land (with constru,,,,,
112304546.0,,1.0,,,,,,0.0,,Land for animal sheds (e.g. da,,,,,
112304647.0,,2.0,,,,,,0.0,,Agricultural land (cultivable),,,,,
112304647.0,,3.0,,,,,,0.0,,Agricultural land (non-cultiva,,,,,
112304647.0,,4.0,,,,,,0.0,,Residential land (without cons,,,,,
112304647.0,,5.0,,,,,,0.0,,Residential land (with constru,,,,,
112304647.0,,1.0,,,,,,0.0,,Land for animal sheds (e.g. da,,,,,
112314748.0,,2.0,,,,,,1.0,2.0,Agricultural land (cultivable),,,,,
112314748.0,,3.0,,,,,,0.0,,Agricultural land (non-cultiva,,,,,
112314748.0,,4.0,,,,,,1.0,4.0,Residential land (without cons,,,,,
112314748.0,,5.0,,,,,,0.0,,Residential land (with constru,,,,,
112314748.0,,1.0,,,,,,0.0,,Land for animal sheds (e.g. da,,,,,
213324849.0,,2.0,,,,,,0.0,,Agricultural land (cultivable),,,,,
213324849.0,,3.0,,,,,,0.0,,Agricultural land (non-cultiva,,,,,
213324849.0,,4.0,,,,,,0.0,,Residential land (without cons,,,,,
213324849.0,,5.0,,,,,,0.0,,Residential land (with constru,,,,,
213324849.0,,1.0,,,,,,0.0,,Land for animal sheds (e.g. da,,,,,
213324952.0,,2.0,,,,,,0.0,,Agricultural land (cultivable),,,,,
213324952.0,,3.0,,,,,,0.0,,Agricultural land (non-cultiva,,,,,
213324952.0,,4.0,,,,,,0.0,,Residential land (without cons,,,,,
213324952.0,,5.0,,,,,,0.0,,Residential land (with constru,,,,,
213324952.0,,1.0,,,,,,0.0,,Land for animal sheds (e.g. da,,,,,
213334950.0,,2.0,,,,,,0.0,,Agricultural land (cultivable),,,,,
213334950.0,,3.0,,,,,,0.0,,Agricultural land (non-cultiva,,,,,
213334950.0,,4.0,,,,,,0.0,,Residential land (without cons,,,,,
213334950.0,,5.0,,,,,,0.0,,Residential land (with constru,,,,,
213334950.0,,1.0,,,,,,0.0,,Land for animal sheds (e.g. da,,,,,
213335051.0,,2.0,,,,,,0.0,,Agricultural land (cultivable),,,,,
213335051.0,,3.0,,,,,,0.0,,Agricultural land (non-cultiva,,,,,
213335051.0,,4.0,,,,,,0.0,,Residential land (without cons,,,,,
213335051.0,,5.0,,,,,,0.0,,Residential land (with constru,,,,,
213335051.0,,1.0,,,,,,0.0,,Land for animal sheds (e.g. da,,,,,
214345253.0,,2.0,,,,,,1.0,10.0,Agricultural land (cultivable),,,,,
214345253.0,,3.0,,,,,,0.0,,Agricultural land (non-cultiva,,,,,
214345253.0,,4.0,,,,,,0.0,,Residential land (without cons,,,,,
214345253.0,,5.0,,,,,,0.0,,Residential land (with constru,,,,,
214345253.0,,1.0,,,,,,1.0,10.0,Land for animal sheds (e.g. da,,,,,
214355354.0,,2.0,,,,,,0.0,,Agricultural land (cultivable),,,,,
214355354.0,,3.0,,,,,,0.0,,Agricultural land (non-cultiva,,,,,
214355354.0,,4.0,,,,,,0.0,,Residential land (without cons,,,,,
214355354.0,,5.0,,,,,,0.0,,Residential land (with constru,,,,,
214355354.0,,1.0,,,,,,0.0,,Land for animal sheds (e.g. da,,,,,
214365455.0,,2.0,,,,,,0.0,,Agricultural land (cultivable),,,,,
214365455.0,,3.0,,,,,,0.0,,Agricultural land (non-cultiva,,,,,
214365455.0,,4.0,,,,,,0.0,,Residential land (without cons,,,,,
214365455.0,,5.0,,,,,,0.0,,Residential land (with constru,,,,,
214365455.0,,1.0,,,,,,0.0,,Land for animal sheds (e.g. da,,,,,
214365556.0,,2.0,,,,,,1.0,1.0,Agricultural land (cultivable),,,,,
214365556.0,,3.0,,,,,,0.0,,Agricultural land (non-cultiva,,,,,
214365556.0,,4.0,,,,,,0.0,,Residential land (without cons,,,,,
214365556.0,,5.0,,,,,,0.0,,Residential land (with constru,,,,,
214365556.0,,1.0,,,,,,0.0,,Land for animal sheds (e.g. da,,,,,
215385657.0,,2.0,,,,,,0.0,,Agricultural land (cultivable),,,,,
215385657.0,,3.0,,,,,,0.0,,Agricultural land (non-cultiva,,,,,
215385657.0,,4.0,,,,,,0.0,,Residential land (without cons,,,,,
215385657.0,,5.0,,,,,,0.0,,Residential land (with constru,,,,,
215385657.0,,1.0,,,,,,0.0,,Land for animal sheds (e.g. da,,,,,
215395758.0,,2.0,,,,,,1.0,1.0,Agricultural land (cultivable),,,,,
215395758.0,,3.0,,,,,,0.0,,Agricultural land (non-cultiva,,,,,
215395758.0,,4.0,,,,,,0.0,,Residential land (without cons,,,,,
215395758.0,,5.0,,,,,,0.0,,Residential land (with constru,,,,,
215395758.0,,1.0,,,,,,0.0,,Land for animal sheds (e.g. da,,,,,
215395859.0,,2.0,,,,,,0.0,,Agricultural land (cultivable),,,,,
215395859.0,,3.0,,,,,,0.0,,Agricultural land (non-cultiva,,,,,
215395859.0,,4.0,,,,,,0.0,,Residential land (without cons,,,,,
215395859.0,,5.0,,,,,,0.0,,Residential land (with constru,,,,,
215395859.0,,1.0,,,,,,0.0,,Land for animal sheds (e.g. da,,,,,
215405960.0,,2.0,,,,,,0.0,,Agricultural land (cultivable),,,,,
215405960.0,,3.0,,,,,,0.0,,Agricultural land (non-cultiva,,,,,
215405960.0,,4.0,,,,,,0.0,,Residential land (without cons,,,,,
215405960.0,,5.0,,,,,,0.0,,Residential land (with constru,,,,,
215405960.0,,1.0,,,,,,0.0,,Land for animal sheds (e.g. da,,,,,
216416061.0,,2.0,,,,,,1.0,4.0,Agricultural land (cultivable),,,,,
216416061.0,,3.0,,,,,,0.0,,Agricultural land (non-cultiva,,,,,
216416061.0,,4.0,,,,,,0.0,,Residential land (without cons,,,,,
216416061.0,,5.0,,,,,,0.0,,Residential land (with constru,,,,,
216416061.0,,1.0,,,,,,0.0,,Land for animal sheds (e.g. da,,,,,
216416162.0,,2.0,,,,,,0.0,,Agricultural land (cultivable),,,,,
216416162.0,,3.0,,,,,,0.0,,Agricultural land (non-cultiva,,,,,
216416162.0,,4.0,,,,,,0.0,,Residential land (without cons,,,,,
216416162.0,,5.0,,,,,,0.0,,Residential land (with constru,,,,,
216416162.0,,1.0,,,,,,0.0,,Land for animal sheds (e.g. da,,,,,
216426263.0,,2.0,,,,,,0.0,,Agricultural land (cultivable),,,,,
216426263.0,,3.0,,,,,,0.0,,Agricultural land (non-cultiva,,,,,
216426263.0,,4.0,,,,,,0.0,,Residential land (without cons,,,,,
216426263.0,,5.0,,,,,,0.0,,Residential land (with constru,,,,,
216426263.0,,1.0,,,,,,0.0,,Land for animal sheds (e.g. da,,,,,
216436364.0,,2.0,,,,,,0.0,,Agricultural land (cultivable),,,,,
216436364.0,,3.0,,,,,,0.0,,Agricultural land (non-cultiva,,,,,
216436364.0,,4.0,,,,,,0.0,,Residential land (without cons,,,,,
216436364.0,,5.0,,,,,,0.0,,Residential land (with constru,,,,,
216436364.0,,1.0,,,,,,0.0,,Land for animal sheds (e.g. da,,,,,
217446465.0,,2.0,,,,,,0.0,,Agricultural land (cultivable),,,,,
217446465.0,,3.0,,,,,,0.0,,Agricultural land (non-cultiva,,,,,
217446465.0,,4.0,,,,,,0.0,,Residential land (without cons,,,,,
217446465.0,,5.0,,,,,,0.0,,Residential land (with constru,,,,,
217446465.0,,1.0,,,,,,0.0,,Land for animal sheds (e.g. da,,,,,
217446566.0,,2.0,,,,,,0.0,,Agricultural land (cultivable),,,,,
217446566.0,,3.0,,,,,,0.0,,Agricultural land (non-cultiva,,,,,
217446566.0,,4.0,,,,,,0.0,,Residential land (without cons,,,,,
217446566.0,,5.0,,,,,,0.0,,Residential land (with constru,,,,,
217446566.0,,1.0,,,,,,0.0,,Land for animal sheds (e.g. da,,,,,
217446667.0,,2.0,,,,,,1.0,3.0,Agricultural land (cultivable),,,,,
217446667.0,,3.0,,,,,,0.0,,Agricultural land (non-cultiva,,,,,
217446667.0,,4.0,,,,,,0.0,,Residential land (without cons,,,,,
217446667.0,,5.0,,,,,,0.0,,Residential land (with constru,,,,,
217446667.0,,1.0,,,,,,0.0,,Land for animal sheds (e.g. da,,,,,
217456768.0,,2.0,,,,,,0.0,,Agricultural land (cultivable),,,,,
217456768.0,,3.0,,,,,,0.0,,Agricultural land (non-cultiva,,,,,
217456768.0,,4.0,,,,,,0.0,,Residential land (without cons,,,,,
217456768.0,,5.0,,,,,,0.0,,Residential land (with constru,,,,,
217456768.0,,1.0,,,,,,0.0,,Land for animal sheds (e.g. da,,,,,
318466869.0,,2.0,,,,,,0.0,,Agricultural land (cultivable),,,,,
318466869.0,,3.0,,,,,,0.0,,Agricultural land (non-cultiva,,,,,
318466869.0,,4.0,,,,,,0.0,,Residential land (without cons,,,,,
318466869.0,,5.0,,,,,,0.0,,Residential land (with constru,,,,,
318466869.0,,1.0,,,,,,0.0,,Land for animal sheds (e.g. da,,,,,
318466970.0,,2.0,,,,,,1.0,2.0,Agricultural land (cultivable),,,,,
318466970.0,,3.0,,,,,,1.0,1.0,Agricultural land (non-cultiva,,,,,
318466970.0,,4.0,,,,,,1.0,5.0,Residential land (without cons,,,,,
318466970.0,,5.0,,,,,,1.0,2.0,Residential land (with constru,,,,,
318466970.0,,1.0,,,,,,0.0,,Land for animal sheds (e.g. da,,,,,
318467071.0,,2.0,,,,,,0.0,,Agricultural land (cultivable),,,,,
318467071.0,,3.0,,,,,,0.0,,Agricultural land (non-cultiva,,,,,
318467071.0,,4.0,,,,,,0.0,,Residential land (without cons,,,,,
318467071.0,,5.0,,,,,,0.0,,Residential land (with constru,,,,,
318467071.0,,1.0,,,,,,0.0,,Land for animal sheds (e.g. da,,,,,
318467172.0,,2.0,,,,,,0.0,,Agricultural land (cultivable),,,,,
318467172.0,,3.0,,,,,,0.0,,Agricultural land (non-cultiva,,,,,
318467172.0,,4.0,,,,,,0.0,,Residential land (without cons,,,,,
318467172.0,,5.0,,,,,,0.0,,Residential land (with constru,,,,,
318467172.0,,1.0,,,,,,0.0,,Land for animal sheds (e.g. da,,,,,
319477273.0,,2.0,,,,,,0.0,,Agricultural land (cultivable),,,,,
319477273.0,,3.0,,,,,,0.0,,Agricultural land (non-cultiva,,,,,
319477273.0,,4.0,,,,,,0.0,,Residential land (without cons,,,,,
319477273.0,,5.0,,,,,,0.0,,Residential land (with constru,,,,,
319477273.0,,1.0,,,,,,0.0,,Land for animal sheds (e.g. da,,,,,
319477274.0,,2.0,,,,,,0.0,,Agricultural land (cultivable),,,,,
319477274.0,,3.0,,,,,,0.0,,Agricultural land (non-cultiva,,,,,
319477274.0,,4.0,,,,,,0.0,,Residential land (without cons,,,,,
319477274.0,,5.0,,,,,,0.0,,Residential land (with constru,,,,,
319477274.0,,,,,,,,0.0,,Land for animal sheds (e.g. da,,,,,
319477374.0,,,,,,,,1.0,2.0,Agricultural land (cultivable),,,,,
319477374.0,,,,,,,,1.0,1.0,Agricultural land (non-cultiva,,,,,
319477374.0,,,,,,,,0.0,,Residential land (without cons,,,,,
319477374.0,,,,,,,,0.0,,Residential land (with constru,,,,,
319477374.0,,,,,,,,0.0,,Land for animal sheds (e.g. da,,,,,
319487476.0,,,,,,,,0.0,,Agricultural land (cultivable),,,,,
319487476.0,,,,,,,,0.0,,Agricultural land (non-cultiva,,,,,
319487476.0,,,,,,,,0.0,,Residential land (without cons,,,,,
319487476.0,,,,,,,,0.0,,Residential land (with constru,,,,,
319487476.0,,,,,,,,0.0,,Land for animal sheds (e.g. da,,,,,
215395758.0,,,,,,,,1.0,7.0,AGRICULTURAL LAND (CULTIVABLE),,,,,
215395758.0,,,,,,,,1.0,12.0,AGRICULTURAL LAND (NON-CULTIVA,,,,,
215395758.0,,,,,,,,1.0,35.0,RESIDENTIAL LAND (WITHOUT CONS,,,,,
215395758.0,,,,,,,,1.0,7.0,RESIDENTIAL LAND (WITH CONSTRU,,,,,
215395758.0,,,,,,,,1.0,10.0,LAND FOR ANIMAL SHEDS (E.G. DA,,,,,
213324952.0,,,,,,,,1.0,15.0,AGRICULTURAL LAND (CULTIVABLE),,,,,
213324952.0,,,,,,,,1.0,10.0,AGRICULTURAL LAND (NON-CULTIVA,,,,,
213324952.0,,,,,,,,0.0,,RESIDENTIAL LAND (WITHOUT CONS,,,,,
213324952.0,,,,,,,,0.0,,RESIDENTIAL LAND (WITH CONSTRU,,,,,
213324952.0,,,,,,,,0.0,,LAND FOR ANIMAL SHEDS (E.G. DA,,,,,
102030405.0,,,,,,,,1.0,12.0,AGRICULTURAL LAND (CULTIVABLE),,,,,
102030405.0,,,,,,,,0.0,,AGRICULTURAL LAND (NON-CULTIVA,,,,,
102030405.0,,,,,,,,0.0,,RESIDENTIAL LAND (WITHOUT CONS,,,,,
102030405.0,,,,,,,,0.0,,RESIDENTIAL LAND (WITH CONSTRU,,,,,
102030405.0,,,,,,,,0.0,,LAND FOR ANIMAL SHEDS (E.G. DA,,,,,
105111819.0,,,,,,,,1.0,1.0,AGRICULTURAL LAND (CULTIVABLE),,,,,
105111819.0,,,,,,,,0.0,,AGRICULTURAL LAND (NON-CULTIVA,,,,,
105111819.0,,,,,,,,0.0,,RESIDENTIAL LAND (WITHOUT CONS,,,,,
105111819.0,,,,,,,,0.0,,RESIDENTIAL LAND (WITH CONSTRU,,,,,
105111819.0,,,,,,,,0.0,,LAND FOR ANIMAL SHEDS (E.G. DA,,,,,
105121920.0,,,,,,,,0.0,,AGRICULTURAL LAND (CULTIVABLE),,,,,
105121920.0,,,,,,,,0.0,,AGRICULTURAL LAND (NON-CULTIVA,,,,,
105121920.0,,,,,,,,1.0,2.0,RESIDENTIAL LAND (WITHOUT CONS,,,,,
105121920.0,,,,,,,,0.0,,RESIDENTIAL LAND (WITH CONSTRU,,,,,
105121920.0,,,,,,,,0.0,,LAND FOR ANIMAL SHEDS (E.G. DA,,,,,
107162526.0,,,,,,,,0.0,,AGRICULTURAL LAND (CULTIVABLE),,,,,
107162526.0,,,,,,,,1.0,12.0,AGRICULTURAL LAND (NON-CULTIVA,,,,,
107162526.0,,,,,,,,1.0,5.0,RESIDENTIAL LAND (WITHOUT CONS,,,,,
107162526.0,,,,,,,,1.0,3.0,RESIDENTIAL LAND (WITH CONSTRU,,,,,
107162526.0,,,,,,,,0.0,,LAND FOR ANIMAL SHEDS (E.G. DA,,,,,
104081415.0,,,,,,,,1.0,6.0,AGRICULTURAL LAND (CULTIVABLE),,,,,
104081415.0,,,,,,,,1.0,2.0,AGRICULTURAL LAND (NON-CULTIVA,,,,,
104081415.0,,,,,,,,1.0,5.0,RESIDENTIAL LAND (WITHOUT CONS,,,,,
104081415.0,,,,,,,,1.0,5.0,RESIDENTIAL LAND (WITH CONSTRU,,,,,
104081415.0,,,,,,,,0.0,,LAND FOR ANIMAL SHEDS (E.G. DA,,,,,
104091516.0,,,,,,,,1.0,60.0,AGRICULTURAL LAND (CULTIVABLE),,,,,
104091516.0,,,,,,,,0.0,,AGRICULTURAL LAND (NON-CULTIVA,,,,,
104091516.0,,,,,,,,0.0,,RESIDENTIAL LAND (WITHOUT CONS,,,,,
104091516.0,,,,,,,,0.0,,RESIDENTIAL LAND (WITH CONSTRU,,,,,
104091516.0,,,,,,,,0.0,,LAND FOR ANIMAL SHEDS (E.G. DA,,,,,
101010101.0,,,,,,,,1.0,4.0,AGRICULTURAL LAND (CULTIVABLE),,,,,
101010101.0,,,,,,,,0.0,,AGRICULTURAL LAND (NON-CULTIVA,,,,,
101010101.0,,,,,,,,0.0,,RESIDENTIAL LAND (WITHOUT CONS,,,,,
101010101.0,,,,,,,,1.0,1.0,RESIDENTIAL LAND (WITH CONSTRU,,,,,
101010101.0,,,,,,,,0.0,,LAND FOR ANIMAL SHEDS (E.G. DA,,,,,
217446566.0,,,,,,,,1.0,3.0,AGRICULTURAL LAND (CULTIVABLE),,,,,
217446566.0,,,,,,,,0.0,,AGRICULTURAL LAND (NON-CULTIVA,,,,,
217446566.0,,,,,,,,0.0,,RESIDENTIAL LAND (WITHOUT CONS,,,,,
217446566.0,,,,,,,,0.0,,RESIDENTIAL LAND (WITH CONSTRU,,,,,
217446566.0,,,,,,,,0.0,,LAND FOR ANIMAL SHEDS (E.G. DA,,,,,
318466970.0,,,,,,,,1.0,2.0,AGRICULTURAL LAND (CULTIVABLE),,,,,
318466970.0,,,,,,,,0.0,,AGRICULTURAL LAND (NON-CULTIVA,,,,,
318466970.0,,,,,,,,0.0,,RESIDENTIAL LAND (WITHOUT CONS,,,,,
318466970.0,,,,,,,,0.0,,RESIDENTIAL LAND (WITH CONSTRU,,,,,
318466970.0,,,,,,,,0.0,,LAND FOR ANIMAL SHEDS (E.G. DA,,,,,
318467172.0,,,,,,,,0.0,,AGRICULTURAL LAND (CULTIVABLE),,,,,
318467172.0,,,,,,,,0.0,,AGRICULTURAL LAND (NON-CULTIVA,,,,,
318467172.0,,,,,,,,0.0,,RESIDENTIAL LAND (WITHOUT CONS,,,,,
318467172.0,,,,,,,,0.0,,RESIDENTIAL LAND (WITH CONSTRU,,,,,
318467172.0,,,,,,,,0.0,,LAND FOR ANIMAL SHEDS (E.G. DA,,,,,
217456768.0,,,,,,,,0.0,,AGRICULTURAL LAND (CULTIVABLE),,,,,
217456768.0,,,,,,,,0.0,,AGRICULTURAL LAND (NON-CULTIVA,,,,,
217456768.0,,,,,,,,0.0,,RESIDENTIAL LAND (WITHOUT CONS,,,,,
217456768.0,,,,,,,,0.0,,RESIDENTIAL LAND (WITH CONSTRU,,,,,
217456768.0,,,,,,,,0.0,,LAND FOR ANIMAL SHEDS (E.G. DA,,,,,
112314748.0,,,,,,,,1.0,4.0,AGRICULTURAL LAND (CULTIVABLE),,,,,
112314748.0,,,,,,,,0.0,,AGRICULTURAL LAND (NON-CULTIVA,,,,,
112314748.0,,,,,,,,1.0,1.0,RESIDENTIAL LAND (WITHOUT CONS,,,,,
112314748.0,,,,,,,,1.0,2.0,RESIDENTIAL LAND (WITH CONSTRU,,,,,
112314748.0,,,,,,,,0.0,,LAND FOR ANIMAL SHEDS (E.G. DA,,,,,
213324950.0,,,,,,,,1.0,10.0,AGRICULTURAL LAND (CULTIVABLE),,,,,
213324950.0,,,,,,,,1.0,6.0,AGRICULTURAL LAND (NON-CULTIVA,,,,,
213324950.0,,,,,,,,0.0,,RESIDENTIAL LAND (WITHOUT CONS,,,,,
213324950.0,,,,,,,,0.0,,RESIDENTIAL LAND (WITH CONSTRU,,,,,
213324950.0,,,,,,,,0.0,,LAND FOR ANIMAL SHEDS (E.G. DA,,,,,
213324849.0,,,,,,,,0.0,,AGRICULTURAL LAND (CULTIVABLE),,,,,
213324849.0,,,,,,,,0.0,,AGRICULTURAL LAND (NON-CULTIVA,,,,,
213324849.0,,,,,,,,0.0,,RESIDENTIAL LAND (WITHOUT CONS,,,,,
213324849.0,,,,,,,,0.0,,RESIDENTIAL LAND (WITH CONSTRU,,,,,
213324849.0,,,,,,,,0.0,,LAND FOR ANIMAL SHEDS (E.G. DA,,,,,
112304546.0,,,,,,,,0.0,,AGRICULTURAL LAND (CULTIVABLE),,,,,
112304546.0,,,,,,,,0.0,,AGRICULTURAL LAND (NON-CULTIVA,,,,,
112304546.0,,,,,,,,1.0,2.0,RESIDENTIAL LAND (WITHOUT CONS,,,,,
112304546.0,,,,,,,,0.0,,RESIDENTIAL LAND (WITH CONSTRU,,,,,
112304546.0,,,,,,,,0.0,,LAND FOR ANIMAL SHEDS (E.G. DA,,,,,
217446465.0,,,,,,,,0.0,,AGRICULTURAL LAND (CULTIVABLE),,,,,
217446465.0,,,,,,,,0.0,,AGRICULTURAL LAND (NON-CULTIVA,,,,,
217446465.0,,,,,,,,0.0,,RESIDENTIAL LAND (WITHOUT CONS,,,,,
217446465.0,,,,,,,,0.0,,RESIDENTIAL LAND (WITH CONSTRU,,,,,
217446465.0,,,,,,,,0.0,,LAND FOR ANIMAL SHEDS (E.G. DA,,,,,
214345253.0,,,,,,,,1.0,6.0,AGRICULTURAL LAND (CULTIVABLE),,,,,
214345253.0,,,,,,,,0.0,,AGRICULTURAL LAND (NON-CULTIVA,,,,,
214345253.0,,,,,,,,0.0,,RESIDENTIAL LAND (WITHOUT CONS,,,,,
214345253.0,,,,,,,,0.0,,RESIDENTIAL LAND (WITH CONSTRU,,,,,
214345253.0,,,,,,,,1.0,100.0,LAND FOR ANIMAL SHEDS (E.G. DA,,,,,
215395859.0,,,,,,,,1.0,8.0,AGRICULTURAL LAND (CULTIVABLE),,,,,
215395859.0,,,,,,,,1.0,6.0,AGRICULTURAL LAND (NON-CULTIVA,,,,,
215395859.0,,,,,,,,1.0,5.0,RESIDENTIAL LAND (WITHOUT CONS,,,,,
215395859.0,,,,,,,,1.0,2.0,RESIDENTIAL LAND (WITH CONSTRU,,,,,
215395859.0,,,,,,,,0.0,,LAND FOR ANIMAL SHEDS (E.G. DA,,,,,
215405960.0,,,,,,,,0.0,,AGRICULTURAL LAND (CULTIVABLE),,,,,
215405960.0,,,,,,,,0.0,,AGRICULTURAL LAND (NON-CULTIVA,,,,,
215405960.0,,,,,,,,0.0,,RESIDENTIAL LAND (WITHOUT CONS,,,,,
215405960.0,,,,,,,,0.0,,RESIDENTIAL LAND (WITH CONSTRU,,,,,
215405960.0,,,,,,,,0.0,,LAND FOR ANIMAL SHEDS (E.G. DA,,,,,
318466869.0,,,,,,,,1.0,4.0,AGRICULTURAL LAND (CULTIVABLE),,,,,
318466869.0,,,,,,,,0.0,,AGRICULTURAL LAND (NON-CULTIVA,,,,,
318466869.0,,,,,,,,0.0,,RESIDENTIAL LAND (WITHOUT CONS,,,,,
318466869.0,,,,,,,,0.0,,RESIDENTIAL LAND (WITH CONSTRU,,,,,
318466869.0,,,,,,,,0.0,,LAND FOR ANIMAL SHEDS (E.G. DA,,,,,
214365455.0,,,,,,,,0.0,,AGRICULTURAL LAND (CULTIVABLE),,,,,
214365455.0,,,,,,,,0.0,,AGRICULTURAL LAND (NON-CULTIVA,,,,,
214365455.0,,,,,,,,0.0,,RESIDENTIAL LAND (WITHOUT CONS,,,,,
214365455.0,,,,,,,,0.0,,RESIDENTIAL LAND (WITH CONSTRU,,,,,
214365455.0,,,,,,,,0.0,,LAND FOR ANIMAL SHEDS (E.G. DA,,,,,
217446667.0,,,,,,,,0.0,,AGRICULTURAL LAND (CULTIVABLE),,,,,
217446667.0,,,,,,,,0.0,,AGRICULTURAL LAND (NON-CULTIVA,,,,,
217446667.0,,,,,,,,0.0,,RESIDENTIAL LAND (WITHOUT CONS,,,,,
217446667.0,,,,,,,,0.0,,RESIDENTIAL LAND (WITH CONSTRU,,,,,
217446667.0,,,,,,,,0.0,,LAND FOR ANIMAL SHEDS (E.G. DA,,,,,
104081213.0,,,,,,,,0.0,,AGRICULTURAL LAND (CULTIVABLE),,,,,
104081213.0,,,,,,,,0.0,,AGRICULTURAL LAND (NON-CULTIVA,,,,,
104081213.0,,,,,,,,0.0,,RESIDENTIAL LAND (WITHOUT CONS,,,,,
104081213.0,,,,,,,,1.0,2.0,RESIDENTIAL LAND (WITH CONSTRU,,,,,
104081213.0,,,,,,,,0.0,,LAND FOR ANIMAL SHEDS (E.G. DA,,,,,
101020304.0,,,,,,,,0.0,,AGRICULTURAL LAND (CULTIVABLE),,,,,
101020304.0,,,,,,,,0.0,,AGRICULTURAL LAND (NON-CULTIVA,,,,,
101020304.0,,,,,,,,0.0,,RESIDENTIAL LAND (WITHOUT CONS,,,,,
101020304.0,,,,,,,,0.0,,RESIDENTIAL LAND (WITH CONSTRU,,,,,
101020304.0,,,,,,,,0.0,,LAND FOR ANIMAL SHEDS (E.G. DA,,,,,
104081314.0,,,,,,,,1.0,12.0,AGRICULTURAL LAND (CULTIVABLE),,,,,
104081314.0,,,,,,,,0.0,,AGRICULTURAL LAND (NON-CULTIVA,,,,,
104081314.0,,,,,,,,0.0,,RESIDENTIAL LAND (WITHOUT CONS,,,,,
104081314.0,,,,,,,,1.0,5.0,RESIDENTIAL LAND (WITH CONSTRU,,,,,
104081314.0,,,,,,,,0.0,,LAND FOR ANIMAL SHEDS (E.G. DA,,,,,
102030607.0,,,,,,,,1.0,12.0,AGRICULTURAL LAND (CULTIVABLE),,,,,
102030607.0,,,,,,,,0.0,,AGRICULTURAL LAND (NON-CULTIVA,,,,,
102030607.0,,,,,,,,0.0,,RESIDENTIAL LAND (WITHOUT CONS,,,,,
102030607.0,,,,,,,,0.0,,RESIDENTIAL LAND (WITH CONSTRU,,,,,
102030607.0,,,,,,,,0.0,,LAND FOR ANIMAL SHEDS (E.G. DA,,,,,
102040708.0,,,,,,,,1.0,8.0,AGRICULTURAL LAND (CULTIVABLE),,,,,
102040708.0,,,,,,,,0.0,,AGRICULTURAL LAND (NON-CULTIVA,,,,,
102040708.0,,,,,,,,1.0,1.0,RESIDENTIAL LAND (WITHOUT CONS,,,,,
102040708.0,,,,,,,,0.0,,RESIDENTIAL LAND (WITH CONSTRU,,,,,
102040708.0,,,,,,,,0.0,,LAND FOR ANIMAL SHEDS (E.G. DA,,,,,
102030506.0,,,,,,,,1.0,2.0,AGRICULTURAL LAND (CULTIVABLE),,,,,
102030506.0,,,,,,,,0.0,,AGRICULTURAL LAND (NON-CULTIVA,,,,,
102030506.0,,,,,,,,0.0,,RESIDENTIAL LAND (WITHOUT CONS,,,,,
102030506.0,,,,,,,,0.0,,RESIDENTIAL LAND (WITH CONSTRU,,,,,
102030506.0,,,,,,,,0.0,,LAND FOR ANIMAL SHEDS (E.G. DA,,,,,
106132021.0,,,,,,,,0.0,,AGRICULTURAL LAND (CULTIVABLE),,,,,
106132021.0,,,,,,,,0.0,,AGRICULTURAL LAND (NON-CULTIVA,,,,,
106132021.0,,,,,,,,0.0,,RESIDENTIAL LAND (WITHOUT CONS,,,,,
106132021.0,,,,,,,,0.0,,RESIDENTIAL LAND (WITH CONSTRU,,,,,
106132021.0,,,,,,,,0.0,,LAND FOR ANIMAL SHEDS (E.G. DA,,,,,
112304647.0,,,,,,,,1.0,1.0,AGRICULTURAL LAND (CULTIVABLE),,,,,
112304647.0,,,,,,,,0.0,,AGRICULTURAL LAND (NON-CULTIVA,,,,,
112304647.0,,,,,,,,0.0,,RESIDENTIAL LAND (WITHOUT CONS,,,,,
112304647.0,,,,,,,,0.0,,RESIDENTIAL LAND (WITH CONSTRU,,,,,
112304647.0,,,,,,,,0.0,,LAND FOR ANIMAL SHEDS (E.G. DA,,,,,
103050809.0,,,,,,,,1.0,1.0,AGRICULTURAL LAND (CULTIVABLE),,,,,
103050809.0,,,,,,,,0.0,,AGRICULTURAL LAND (NON-CULTIVA,,,,,
103050809.0,,,,,,,,0.0,,RESIDENTIAL LAND (WITHOUT CONS,,,,,
103050809.0,,,,,,,,0.0,,RESIDENTIAL LAND (WITH CONSTRU,,,,,
103050809.0,,,,,,,,0.0,,LAND FOR ANIMAL SHEDS (E.G. DA,,,,,
105101718.0,,,,,,,,0.0,,AGRICULTURAL LAND (CULTIVABLE),,,,,
105101718.0,,,,,,,,0.0,,AGRICULTURAL LAND (NON-CULTIVA,,,,,
105101718.0,,,,,,,,0.0,,RESIDENTIAL LAND (WITHOUT CONS,,,,,
105101718.0,,,,,,,,0.0,,RESIDENTIAL LAND (WITH CONSTRU,,,,,
105101718.0,,,,,,,,0.0,,LAND FOR ANIMAL SHEDS (E.G. DA,,,,,
110243839.0,,,,,,,,1.0,5.0,AGRICULTURAL LAND (CULTIVABLE),,,,,
110243839.0,,,,,,,,0.0,,AGRICULTURAL LAND (NON-CULTIVA,,,,,
110243839.0,,,,,,,,0.0,,RESIDENTIAL LAND (WITHOUT CONS,,,,,
110243839.0,,,,,,,,0.0,,RESIDENTIAL LAND (WITH CONSTRU,,,,,
110243839.0,,,,,,,,0.0,,LAND FOR ANIMAL SHEDS (E.G. DA,,,,,
110243738.0,,,,,,,,1.0,5.0,AGRICULTURAL LAND (CULTIVABLE),,,,,
110243738.0,,,,,,,,0.0,,AGRICULTURAL LAND (NON-CULTIVA,,,,,
110243738.0,,,,,,,,0.0,,RESIDENTIAL LAND (WITHOUT CONS,,,,,
110243738.0,,,,,,,,0.0,,RESIDENTIAL LAND (WITH CONSTRU,,,,,
110243738.0,,,,,,,,0.0,,LAND FOR ANIMAL SHEDS (E.G. DA,,,,,
109233435.0,,,,,,,,1.0,6.0,AGRICULTURAL LAND (CULTIVABLE),,,,,
109233435.0,,,,,,,,0.0,,AGRICULTURAL LAND (NON-CULTIVA,,,,,
109233435.0,,,,,,,,1.0,2.0,RESIDENTIAL LAND (WITHOUT CONS,,,,,
109233435.0,,,,,,,,1.0,2.0,RESIDENTIAL LAND (WITH CONSTRU,,,,,
109233435.0,,,,,,,,0.0,,LAND FOR ANIMAL SHEDS (E.G. DA,,,,,
110253940.0,,,,,,,,1.0,15.0,AGRICULTURAL LAND (CULTIVABLE),,,,,
110253940.0,,,,,,,,0.0,,AGRICULTURAL LAND (NON-CULTIVA,,,,,
110253940.0,,,,,,,,1.0,1.0,RESIDENTIAL LAND (WITHOUT CONS,,,,,
110253940.0,,,,,,,,0.0,,RESIDENTIAL LAND (WITH CONSTRU,,,,,
110253940.0,,,,,,,,0.0,,LAND FOR ANIMAL SHEDS (E.G. DA,,,,,
216416061.0,,,,,,,,0.0,,AGRICULTURAL LAND (CULTIVABLE),,,,,
216416061.0,,,,,,,,0.0,,AGRICULTURAL LAND (NON-CULTIVA,,,,,
216416061.0,,,,,,,,0.0,,RESIDENTIAL LAND (WITHOUT CONS,,,,,
216416061.0,,,,,,,,0.0,,RESIDENTIAL LAND (WITH CONSTRU,,,,,
216416061.0,,,,,,,,0.0,,LAND FOR ANIMAL SHEDS (E.G. DA,,,,,
216416162.0,,,,,,,,0.0,,AGRICULTURAL LAND (CULTIVABLE),,,,,
216416162.0,,,,,,,,0.0,,AGRICULTURAL LAND (NON-CULTIVA,,,,,
216416162.0,,,,,,,,0.0,,RESIDENTIAL LAND (WITHOUT CONS,,,,,
216416162.0,,,,,,,,0.0,,RESIDENTIAL LAND (WITH CONSTRU,,,,,
216416162.0,,,,,,,,0.0,,LAND FOR ANIMAL SHEDS (E.G. DA,,,,,
216426263.0,,,,,,,,0.0,,AGRICULTURAL LAND (CULTIVABLE),,,,,
216426263.0,,,,,,,,0.0,,AGRICULTURAL LAND (NON-CULTIVA,,,,,
216426263.0,,,,,,,,0.0,,RESIDENTIAL LAND (WITHOUT CONS,,,,,
216426263.0,,,,,,,,0.0,,RESIDENTIAL LAND (WITH CONSTRU,,,,,
216426263.0,,,,,,,,0.0,,LAND FOR ANIMAL SHEDS (E.G. DA,,,,,
214375556.0,,,,,,,,0.0,,AGRICULTURAL LAND (CULTIVABLE),,,,,
214375556.0,,,,,,,,0.0,,AGRICULTURAL LAND (NON-CULTIVA,,,,,
214375556.0,,,,,,,,0.0,,RESIDENTIAL LAND (WITHOUT CONS,,,,,
214375556.0,,,,,,,,0.0,,RESIDENTIAL LAND (WITH CONSTRU,,,,,
214375556.0,,,,,,,,0.0,,LAND FOR ANIMAL SHEDS (E.G. DA,,,,,
318467071.0,,,,,,,,0.0,,AGRICULTURAL LAND (CULTIVABLE),,,,,
318467071.0,,,,,,,,0.0,,AGRICULTURAL LAND (NON-CULTIVA,,,,,
318467071.0,,,,,,,,0.0,,RESIDENTIAL LAND (WITHOUT CONS,,,,,
318467071.0,,,,,,,,0.0,,RESIDENTIAL LAND (WITH CONSTRU,,,,,
318467071.0,,,,,,,,0.0,,LAND FOR ANIMAL SHEDS (E.G. DA,,,,,
319477273.0,,,,,,,,1.0,2.0,AGRICULTURAL LAND (CULTIVABLE),,,,,
319477273.0,,,,,,,,0.0,,AGRICULTURAL LAND (NON-CULTIVA,,,,,
319477273.0,,,,,,,,1.0,4.0,RESIDENTIAL LAND (WITHOUT CONS,,,,,
319477273.0,,,,,,,,0.0,,RESIDENTIAL LAND (WITH CONSTRU,,,,,
319477273.0,,,,,,,,0.0,,LAND FOR ANIMAL SHEDS (E.G. DA,,,,,
107152425.0,,,,,,,,1.0,3.0,AGRICULTURAL LAND (CULTIVABLE),,,,,
107152425.0,,,,,,,,0.0,,AGRICULTURAL LAND (NON-CULTIVA,,,,,
107152425.0,,,,,,,,0.0,,RESIDENTIAL LAND (WITHOUT CONS,,,,,
107152425.0,,,,,,,,0.0,,RESIDENTIAL LAND (WITH CONSTRU,,,,,
107152425.0,,,,,,,,0.0,,LAND FOR ANIMAL SHEDS (E.G. DA,,,,,
319487476.0,,,,,,,,1.0,5.0,AGRICULTURAL LAND (CULTIVABLE),,,,,
319487476.0,,,,,,,,1.0,4.0,AGRICULTURAL LAND (NON-CULTIVA,,,,,
319487476.0,,,,,,,,1.0,10.0,RESIDENTIAL LAND (WITHOUT CONS,,,,,
319487476.0,,,,,,,,1.0,8.0,RESIDENTIAL LAND (WITH CONSTRU,,,,,
319487476.0,,,,,,,,0.0,,LAND FOR ANIMAL SHEDS (E.G. DA,,,,,
108203031.0,,,,,,,,1.0,4.0,AGRICULTURAL LAND (CULTIVABLE),,,,,
108203031.0,,,,,,,,0.0,,AGRICULTURAL LAND (NON-CULTIVA,,,,,
108203031.0,,,,,,,,1.0,2.0,RESIDENTIAL LAND (WITHOUT CONS,,,,,
108203031.0,,,,,,,,1.0,5.0,RESIDENTIAL LAND (WITH CONSTRU,,,,,
108203031.0,,,,,,,,0.0,,LAND FOR ANIMAL SHEDS (E.G. DA,,,,,
108213132.0,,,,,,,,1.0,10.0,AGRICULTURAL LAND (CULTIVABLE),,,,,
108213132.0,,,,,,,,1.0,5.0,AGRICULTURAL LAND (NON-CULTIVA,,,,,
108213132.0,,,,,,,,1.0,2.0,RESIDENTIAL LAND (WITHOUT CONS,,,,,
108213132.0,,,,,,,,1.0,3.0,RESIDENTIAL LAND (WITH CONSTRU,,,,,
108213132.0,,,,,,,,0.0,,LAND FOR ANIMAL SHEDS (E.G. DA,,,,,
109223233.0,,,,,,,,1.0,5.0,AGRICULTURAL LAND (CULTIVABLE),,,,,
109223233.0,,,,,,,,1.0,4.0,AGRICULTURAL LAND (NON-CULTIVA,,,,,
109223233.0,,,,,,,,1.0,3.0,RESIDENTIAL LAND (WITHOUT CONS,,,,,
109223233.0,,,,,,,,1.0,2.0,RESIDENTIAL LAND (WITH CONSTRU,,,,,
109223233.0,,,,,,,,0.0,,LAND FOR ANIMAL SHEDS (E.G. DA,,,,,
109233536.0,,,,,,,,1.0,3.0,AGRICULTURAL LAND (CULTIVABLE),,,,,
109233536.0,,,,,,,,0.0,,AGRICULTURAL LAND (NON-CULTIVA,,,,,
109233536.0,,,,,,,,1.0,2.0,RESIDENTIAL LAND (WITHOUT CONS,,,,,
109233536.0,,,,,,,,1.0,4.0,RESIDENTIAL LAND (WITH CONSTRU,,,,,
109233536.0,,,,,,,,0.0,,LAND FOR ANIMAL SHEDS (E.G. DA,,,,,
111274142.0,,,,,,,,1.0,2.0,AGRICULTURAL LAND (CULTIVABLE),,,,,
111274142.0,,,,,,,,1.0,3.0,AGRICULTURAL LAND (NON-CULTIVA,,,,,
111274142.0,,,,,,,,1.0,3.0,RESIDENTIAL LAND (WITHOUT CONS,,,,,
111274142.0,,,,,,,,0.0,,RESIDENTIAL LAND (WITH CONSTRU,,,,,
111274142.0,,,,,,,,0.0,,LAND FOR ANIMAL SHEDS (E.G. DA,,,,,
111274243.0,,,,,,,,1.0,3.0,AGRICULTURAL LAND (CULTIVABLE),,,,,
111274243.0,,,,,,,,1.0,6.0,AGRICULTURAL LAND (NON-CULTIVA,,,,,
111274243.0,,,,,,,,1.0,5.0,RESIDENTIAL LAND (WITHOUT CONS,,,,,
111274243.0,,,,,,,,1.0,2.0,RESIDENTIAL LAND (WITH CONSTRU,,,,,
111274243.0,,,,,,,,0.0,,LAND FOR ANIMAL SHEDS (E.G. DA,,,,,
106132122.0,,,,,,,,0.0,,AGRICULTURAL LAND (CULTIVABLE),,,,,
106132122.0,,,,,,,,0.0,,AGRICULTURAL LAND (NON-CULTIVA,,,,,
106132122.0,,,,,,,,0.0,,RESIDENTIAL LAND (WITHOUT CONS,,,,,
106132122.0,,,,,,,,0.0,,RESIDENTIAL LAND (WITH CONSTRU,,,,,
106132122.0,,,,,,,,0.0,,LAND FOR ANIMAL SHEDS (E.G. DA,,,,,
319477274.0,,,,,,,,0.0,,AGRICULTURAL LAND (CULTIVABLE),,,,,
319477274.0,,,,,,,,0.0,,AGRICULTURAL LAND (NON-CULTIVA,,,,,
319477274.0,,,,,,,,0.0,,RESIDENTIAL LAND (WITHOUT CONS,,,,,
319477274.0,,,,,,,,1.0,3.0,RESIDENTIAL LAND (WITH CONSTRU,,,,,
319477274.0,,,,,,,,0.0,,LAND FOR ANIMAL SHEDS (E.G. DA,,,,,
106142223.0,,,,,,,,1.0,1.0,AGRICULTURAL LAND (CULTIVABLE),,,,,
106142223.0,,,,,,,,1.0,1.0,AGRICULTURAL LAND (NON-CULTIVA,,,,,
106142223.0,,,,,,,,0.0,,RESIDENTIAL LAND (WITHOUT CONS,,,,,
106142223.0,,,,,,,,0.0,,RESIDENTIAL LAND (WITH CONSTRU,,,,,
106142223.0,,,,,,,,0.0,,LAND FOR ANIMAL SHEDS (E.G. DA,,,,,
215385657.0,,,,,,,,0.0,,AGRICULTURAL LAND (CULTIVABLE),,,,,
215385657.0,,,,,,,,0.0,,AGRICULTURAL LAND (NON-CULTIVA,,,,,
215385657.0,,,,,,,,0.0,,RESIDENTIAL LAND (WITHOUT CONS,,,,,
215385657.0,,,,,,,,0.0,,RESIDENTIAL LAND (WITH CONSTRU,,,,,
215385657.0,,,,,,,,0.0,,LAND FOR ANIMAL SHEDS (E.G. DA,,,,,
111264041.0,,,,,,,,1.0,1.0,AGRICULTURAL LAND (CULTIVABLE),,,,,
111264041.0,,,,,,,,1.0,2.0,AGRICULTURAL LAND (NON-CULTIVA,,,,,
111264041.0,,,,,,,,1.0,5.0,RESIDENTIAL LAND (WITHOUT CONS,,,,,
111264041.0,,,,,,,,1.0,6.0,RESIDENTIAL LAND (WITH CONSTRU,,,,,
111264041.0,,,,,,,,0.0,,LAND FOR ANIMAL SHEDS (E.G. DA,,,,,
103060910.0,,,,,,,,0.0,,AGRICULTURAL LAND (CULTIVABLE),,,,,
103060910.0,,,,,,,,0.0,,AGRICULTURAL LAND (NON-CULTIVA,,,,,
103060910.0,,,,,,,,0.0,,RESIDENTIAL LAND (WITHOUT CONS,,,,,
103060910.0,,,,,,,,0.0,,RESIDENTIAL LAND (WITH CONSTRU,,,,,
103060910.0,,,,,,,,0.0,,LAND FOR ANIMAL SHEDS (E.G. DA,,,,,
103071112.0,,,,,,,,1.0,1.0,AGRICULTURAL LAND (CULTIVABLE),,,,,
103071112.0,,,,,,,,0.0,,AGRICULTURAL LAND (NON-CULTIVA,,,,,
103071112.0,,,,,,,,1.0,1.0,RESIDENTIAL LAND (WITHOUT CONS,,,,,
103071112.0,,,,,,,,0.0,,RESIDENTIAL LAND (WITH CONSTRU,,,,,
103071112.0,,,,,,,,0.0,,LAND FOR ANIMAL SHEDS (E.G. DA,,,,,
213335051.0,,,,,,,,1.0,3.0,AGRICULTURAL LAND (CULTIVABLE),,,,,
213335051.0,,,,,,,,0.0,,AGRICULTURAL LAND (NON-CULTIVA,,,,,
213335051.0,,,,,,,,0.0,,RESIDENTIAL LAND (WITHOUT CONS,,,,,
213335051.0,,,,,,,,0.0,,RESIDENTIAL LAND (WITH CONSTRU,,,,,
213335051.0,,,,,,,,0.0,,LAND FOR ANIMAL SHEDS (E.G. DA,,,,,
112294445.0,,,,,,,,1.0,5.0,AGRICULTURAL LAND (CULTIVABLE),,,,,
112294445.0,,,,,,,,0.0,,AGRICULTURAL LAND (NON-CULTIVA,,,,,
112294445.0,,,,,,,,1.0,2.0,RESIDENTIAL LAND (WITHOUT CONS,,,,,
112294445.0,,,,,,,,0.0,,RESIDENTIAL LAND (WITH CONSTRU,,,,,
112294445.0,,,,,,,,0.0,,LAND FOR ANIMAL SHEDS (E.G. DA,,,,,
101010203.0,,,,,,,,1.0,1.0,AGRICULTURAL LAND (CULTIVABLE),,,,,
101010203.0,,,,,,,,0.0,,AGRICULTURAL LAND (NON-CULTIVA,,,,,
101010203.0,,,,,,,,1.0,1.0,RESIDENTIAL LAND (WITHOUT CONS,,,,,
101010203.0,,,,,,,,1.0,1.0,RESIDENTIAL LAND (WITH CONSTRU,,,,,
101010203.0,,,,,,,,0.0,,LAND FOR ANIMAL SHEDS (E.G. DA,,,,,
103061011.0,,,,,,,,1.0,1.0,AGRICULTURAL LAND (CULTIVABLE),,,,,
103061011.0,,,,,,,,0.0,,AGRICULTURAL LAND (NON-CULTIVA,,,,,
103061011.0,,,,,,,,0.0,,RESIDENTIAL LAND (WITHOUT CONS,,,,,
103061011.0,,,,,,,,0.0,,RESIDENTIAL LAND (WITH CONSTRU,,,,,
103061011.0,,,,,,,,0.0,,LAND FOR ANIMAL SHEDS (E.G. DA,,,,,
101010202.0,,,,,,,,0.0,,AGRICULTURAL LAND (CULTIVABLE),,,,,
101010202.0,,,,,,,,0.0,,AGRICULTURAL LAND (NON-CULTIVA,,,,,
101010202.0,,,,,,,,0.0,,RESIDENTIAL LAND (WITHOUT CONS,,,,,
101010202.0,,,,,,,,0.0,,RESIDENTIAL LAND (WITH CONSTRU,,,,,
101010202.0,,,,,,,,0.0,,LAND FOR ANIMAL SHEDS (E.G. DA,,,,,
110243637.0,,,,,,,,1.0,20.0,AGRICULTURAL LAND (CULTIVABLE),,,,,
110243637.0,,,,,,,,0.0,,AGRICULTURAL LAND (NON-CULTIVA,,,,,
110243637.0,,,,,,,,0.0,,RESIDENTIAL LAND (WITHOUT CONS,,,,,
110243637.0,,,,,,,,0.0,,RESIDENTIAL LAND (WITH CONSTRU,,,,,
110243637.0,,,,,,,,0.0,,LAND FOR ANIMAL SHEDS (E.G. DA,,,,,
109223334.0,,,,,,,,0.0,,AGRICULTURAL LAND (CULTIVABLE),,,,,
109223334.0,,,,,,,,0.0,,AGRICULTURAL LAND (NON-CULTIVA,,,,,
109223334.0,,,,,,,,0.0,,RESIDENTIAL LAND (WITHOUT CONS,,,,,
109223334.0,,,,,,,,0.0,,RESIDENTIAL LAND (WITH CONSTRU,,,,,
109223334.0,,,,,,,,0.0,,LAND FOR ANIMAL SHEDS (E.G. DA,,,,,
319477375.0,,,,,,,,1.0,20.0,AGRICULTURAL LAND (CULTIVABLE),,,,,
319477375.0,,,,,,,,0.0,,AGRICULTURAL LAND (NON-CULTIVA,,,,,
319477375.0,,,,,,,,0.0,,RESIDENTIAL LAND (WITHOUT CONS,,,,,
319477375.0,,,,,,,,0.0,,RESIDENTIAL LAND (WITH CONSTRU,,,,,
319477375.0,,,,,,,,0.0,,LAND FOR ANIMAL SHEDS (E.G. DA,,,,,
108192930.0,,,,,,,,1.0,2.0,AGRICULTURAL LAND (CULTIVABLE),,,,,
108192930.0,,,,,,,,0.0,,AGRICULTURAL LAND (NON-CULTIVA,,,,,
108192930.0,,,,,,,,0.0,,RESIDENTIAL LAND (WITHOUT CONS,,,,,
108192930.0,,,,,,,,0.0,,RESIDENTIAL LAND (WITH CONSTRU,,,,,
108192930.0,,,,,,,,0.0,,LAND FOR ANIMAL SHEDS (E.G. DA,,,,,
108182829.0,,,,,,,,0.0,,AGRICULTURAL LAND (CULTIVABLE),,,,,
108182829.0,,,,,,,,0.0,,AGRICULTURAL LAND (NON-CULTIVA,,,,,
108182829.0,,,,,,,,0.0,,RESIDENTIAL LAND (WITHOUT CONS,,,,,
108182829.0,,,,,,,,0.0,,RESIDENTIAL LAND (WITH CONSTRU,,,,,
108182829.0,,,,,,,,0.0,,LAND FOR ANIMAL SHEDS (E.G. DA,,,,,
106142324.0,,,,,,,,0.0,,AGRICULTURAL LAND (CULTIVABLE),,,,,
106142324.0,,,,,,,,0.0,,AGRICULTURAL LAND (NON-CULTIVA,,,,,
106142324.0,,,,,,,,0.0,,RESIDENTIAL LAND (WITHOUT CONS,,,,,
106142324.0,,,,,,,,0.0,,RESIDENTIAL LAND (WITH CONSTRU,,,,,
106142324.0,,,,,,,,0.0,,LAND FOR ANIMAL SHEDS (E.G. DA,,,,,
111284344.0,,,,,,,,1.0,3.0,AGRICULTURAL LAND (CULTIVABLE),,,,,
111284344.0,,,,,,,,1.0,5.0,AGRICULTURAL LAND (NON-CULTIVA,,,,,
111284344.0,,,,,,,,1.0,2.0,RESIDENTIAL LAND (WITHOUT CONS,,,,,
111284344.0,,,,,,,,1.0,1.0,RESIDENTIAL LAND (WITH CONSTRU,,,,,
111284344.0,,,,,,,,0.0,,LAND FOR ANIMAL SHEDS (E.G. DA,,,,,
105101617.0,,,,,,,,1.0,3.0,AGRICULTURAL LAND (CULTIVABLE),,,,,
105101617.0,,,,,,,,0.0,,AGRICULTURAL LAND (NON-CULTIVA,,,,,
105101617.0,,,,,,,,1.0,1.0,RESIDENTIAL LAND (WITHOUT CONS,,,,,
105101617.0,,,,,,,,0.0,,RESIDENTIAL LAND (WITH CONSTRU,,,,,
105101617.0,,,,,,,,0.0,,LAND FOR ANIMAL SHEDS (E.G. DA,,,,,
216436364.0,,,,,,,,0.0,,AGRICULTURAL LAND (CULTIVABLE),,,,,
216436364.0,,,,,,,,0.0,,AGRICULTURAL LAND (NON-CULTIVA,,,,,
216436364.0,,,,,,,,0.0,,RESIDENTIAL LAND (WITHOUT CONS,,,,,
216436364.0,,,,,,,,0.0,,RESIDENTIAL LAND (WITH CONSTRU,,,,,
216436364.0,,,,,,,,0.0,,LAND FOR ANIMAL SHEDS (E.G. DA,,,,,
