CID,Land_Type,Land_S_12m,Land_S_NoP12m,Land_PPLD,Land_PPLD_Prblm,Survey_Round,Community,FID,P_ID,D_ID,T_ID,UC_ID,M_ID,Land_ID,Land_KGinMaund
101010101,1.0,1.0,5.0,1.0,,1.0,1.0,1010101011.0,1.0,1.0,1.0,1.0,1.0,1.0,40.0
101010101,2.0,0.0,,1.0,,1.0,1.0,1010101011.0,1.0,1.0,1.0,1.0,1.0,2.0,40.0
101010101,3.0,0.0,,1.0,,1.0,1.0,1010101011.0,1.0,1.0,1.0,1.0,1.0,3.0,40.0
101010101,4.0,1.0,3.0,1.0,,1.0,1.0,1010101011.0,1.0,1.0,1.0,1.0,1.0,4.0,40.0
101010101,5.0,0.0,,1.0,,1.0,1.0,1010101011.0,1.0,1.0,1.0,1.0,1.0,5.0,40.0
101010202,1.0,0.0,,1.0,,1.0,2.0,1010102022.0,1.0,1.0,1.0,2.0,2.0,1.0,40.0
101010202,2.0,0.0,,1.0,,1.0,2.0,1010102022.0,1.0,1.0,1.0,2.0,2.0,2.0,40.0
101010202,3.0,0.0,,1.0,,1.0,2.0,1010102022.0,1.0,1.0,1.0,2.0,2.0,3.0,40.0
101010202,4.0,0.0,,1.0,,1.0,2.0,1010102022.0,1.0,1.0,1.0,2.0,2.0,4.0,40.0
101010202,5.0,0.0,,1.0,,1.0,2.0,1010102022.0,1.0,1.0,1.0,2.0,2.0,5.0,40.0
101010203,1.0,1.0,3.0,1.0,,1.0,3.0,1010102033.0,1.0,1.0,1.0,2.0,3.0,1.0,40.0
101010203,2.0,0.0,,1.0,,1.0,3.0,1010102033.0,1.0,1.0,1.0,2.0,3.0,2.0,40.0
101010203,3.0,0.0,,1.0,,1.0,3.0,1010102033.0,1.0,1.0,1.0,2.0,3.0,3.0,40.0
101010203,4.0,1.0,5.0,0.0,4.0,1.0,3.0,1010102033.0,1.0,1.0,1.0,2.0,3.0,4.0,40.0
101010203,5.0,1.0,2.0,0.0,3.0,1.0,3.0,1010102033.0,1.0,1.0,1.0,2.0,3.0,5.0,40.0
101020304,1.0,0.0,,0.0,2.0,1.0,4.0,1010203044.0,1.0,1.0,2.0,3.0,4.0,1.0,40.0
101020304,2.0,0.0,,1.0,,1.0,4.0,1010203044.0,1.0,1.0,2.0,3.0,4.0,2.0,40.0
101020304,3.0,0.0,,1.0,,1.0,4.0,1010203044.0,1.0,1.0,2.0,3.0,4.0,3.0,40.0
101020304,4.0,1.0,2.0,1.0,,1.0,4.0,1010203044.0,1.0,1.0,2.0,3.0,4.0,4.0,40.0
101020304,5.0,0.0,,0.0,2.0,1.0,4.0,1010203044.0,1.0,1.0,2.0,3.0,4.0,5.0,40.0
102030405,1.0,1.0,6.0,1.0,,1.0,1.0,1020304051.0,1.0,2.0,3.0,4.0,5.0,1.0,40.0
102030405,2.0,0.0,,1.0,,1.0,1.0,1020304051.0,1.0,2.0,3.0,4.0,5.0,2.0,40.0
102030405,3.0,1.0,4.0,1.0,,1.0,1.0,1020304051.0,1.0,2.0,3.0,4.0,5.0,3.0,40.0
102030405,4.0,0.0,,1.0,,1.0,1.0,1020304051.0,1.0,2.0,3.0,4.0,5.0,4.0,40.0
102030405,5.0,0.0,,1.0,,1.0,1.0,1020304051.0,1.0,2.0,3.0,4.0,5.0,5.0,40.0
102030506,1.0,1.0,1.0,1.0,,1.0,2.0,1020305062.0,1.0,2.0,3.0,5.0,6.0,1.0,40.0
102030506,2.0,0.0,,1.0,,1.0,2.0,1020305062.0,1.0,2.0,3.0,5.0,6.0,2.0,40.0
102030506,3.0,0.0,,1.0,,1.0,2.0,1020305062.0,1.0,2.0,3.0,5.0,6.0,3.0,40.0
102030506,4.0,0.0,,1.0,,1.0,2.0,1020305062.0,1.0,2.0,3.0,5.0,6.0,4.0,40.0
102030506,5.0,0.0,,1.0,,1.0,2.0,1020305062.0,1.0,2.0,3.0,5.0,6.0,5.0,40.0
102030607,1.0,0.0,,1.0,,1.0,3.0,1020306073.0,1.0,2.0,3.0,6.0,7.0,1.0,40.0
102030607,2.0,0.0,,1.0,,1.0,3.0,1020306073.0,1.0,2.0,3.0,6.0,7.0,2.0,40.0
102030607,3.0,1.0,1.0,1.0,,1.0,3.0,1020306073.0,1.0,2.0,3.0,6.0,7.0,3.0,40.0
102030607,4.0,1.0,12.0,1.0,,1.0,3.0,1020306073.0,1.0,2.0,3.0,6.0,7.0,4.0,40.0
102030607,5.0,0.0,,1.0,,1.0,3.0,1020306073.0,1.0,2.0,3.0,6.0,7.0,5.0,40.0
102040708,1.0,1.0,20.0,1.0,,1.0,4.0,1020407084.0,1.0,2.0,4.0,7.0,8.0,1.0,40.0
102040708,2.0,0.0,,1.0,,1.0,4.0,1020407084.0,1.0,2.0,4.0,7.0,8.0,2.0,40.0
102040708,3.0,1.0,15.0,1.0,,1.0,4.0,1020407084.0,1.0,2.0,4.0,7.0,8.0,3.0,40.0
102040708,4.0,1.0,1.0,1.0,,1.0,4.0,1020407084.0,1.0,2.0,4.0,7.0,8.0,4.0,40.0
102040708,5.0,0.0,,1.0,,1.0,4.0,1020407084.0,1.0,2.0,4.0,7.0,8.0,5.0,40.0
103050809,1.0,1.0,2.0,1.0,,1.0,1.0,1030508091.0,1.0,3.0,5.0,8.0,9.0,1.0,40.0
103050809,2.0,0.0,,1.0,,1.0,1.0,1030508091.0,1.0,3.0,5.0,8.0,9.0,2.0,40.0
103050809,3.0,1.0,1.0,0.0,4.0,1.0,1.0,1030508091.0,1.0,3.0,5.0,8.0,9.0,3.0,40.0
103050809,4.0,0.0,,1.0,,1.0,1.0,1030508091.0,1.0,3.0,5.0,8.0,9.0,4.0,40.0
103050809,5.0,0.0,,1.0,,1.0,1.0,1030508091.0,1.0,3.0,5.0,8.0,9.0,5.0,40.0
103060910,1.0,1.0,2.0,0.0,3.0,1.0,2.0,1030609102.0,1.0,3.0,6.0,9.0,10.0,1.0,40.0
103060910,2.0,0.0,,0.0,4.0,1.0,2.0,1030609102.0,1.0,3.0,6.0,9.0,10.0,2.0,40.0
103060910,3.0,1.0,3.0,0.0,4.0,1.0,2.0,1030609102.0,1.0,3.0,6.0,9.0,10.0,3.0,40.0
103060910,4.0,1.0,1.0,1.0,,1.0,2.0,1030609102.0,1.0,3.0,6.0,9.0,10.0,4.0,40.0
103060910,5.0,0.0,,0.0,3.0,1.0,2.0,1030609102.0,1.0,3.0,6.0,9.0,10.0,5.0,40.0
103061011,1.0,1.0,1.0,1.0,,1.0,3.0,1030610113.0,1.0,3.0,6.0,10.0,11.0,1.0,40.0
103061011,2.0,0.0,,0.0,4.0,1.0,3.0,1030610113.0,1.0,3.0,6.0,10.0,11.0,2.0,40.0
103061011,3.0,0.0,,0.0,4.0,1.0,3.0,1030610113.0,1.0,3.0,6.0,10.0,11.0,3.0,40.0
103061011,4.0,0.0,,0.0,3.0,1.0,3.0,1030610113.0,1.0,3.0,6.0,10.0,11.0,4.0,40.0
103061011,5.0,0.0,,0.0,2.0,1.0,3.0,1030610113.0,1.0,3.0,6.0,10.0,11.0,5.0,40.0
103071112,1.0,0.0,,1.0,,1.0,4.0,1030711124.0,1.0,3.0,7.0,11.0,12.0,1.0,40.0
103071112,2.0,0.0,,1.0,,1.0,4.0,1030711124.0,1.0,3.0,7.0,11.0,12.0,2.0,40.0
103071112,3.0,1.0,1.0,0.0,4.0,1.0,4.0,1030711124.0,1.0,3.0,7.0,11.0,12.0,3.0,40.0
103071112,4.0,0.0,,1.0,,1.0,4.0,1030711124.0,1.0,3.0,7.0,11.0,12.0,4.0,40.0
103071112,5.0,0.0,,1.0,,1.0,4.0,1030711124.0,1.0,3.0,7.0,11.0,12.0,5.0,40.0
104081213,1.0,1.0,2.0,1.0,,1.0,1.0,1040812131.0,1.0,4.0,8.0,12.0,13.0,1.0,40.0
104081213,2.0,0.0,,1.0,,1.0,1.0,1040812131.0,1.0,4.0,8.0,12.0,13.0,2.0,40.0
104081213,3.0,1.0,11.0,1.0,,1.0,1.0,1040812131.0,1.0,4.0,8.0,12.0,13.0,3.0,40.0
104081213,4.0,0.0,,1.0,,1.0,1.0,1040812131.0,1.0,4.0,8.0,12.0,13.0,4.0,40.0
104081213,5.0,0.0,,1.0,,1.0,1.0,1040812131.0,1.0,4.0,8.0,12.0,13.0,5.0,40.0
104081314,1.0,1.0,,1.0,,1.0,2.0,1040813142.0,1.0,4.0,8.0,13.0,14.0,1.0,40.0
104081314,2.0,1.0,,1.0,,1.0,2.0,1040813142.0,1.0,4.0,8.0,13.0,14.0,2.0,40.0
104081314,3.0,1.0,,1.0,,1.0,2.0,1040813142.0,1.0,4.0,8.0,13.0,14.0,3.0,40.0
104081314,4.0,1.0,,1.0,,1.0,2.0,1040813142.0,1.0,4.0,8.0,13.0,14.0,4.0,40.0
104081314,5.0,0.0,,1.0,,1.0,2.0,1040813142.0,1.0,4.0,8.0,13.0,14.0,5.0,40.0
104081415,1.0,1.0,5.0,1.0,,1.0,3.0,1040814153.0,1.0,4.0,8.0,14.0,15.0,1.0,40.0
104081415,2.0,0.0,,1.0,,1.0,3.0,1040814153.0,1.0,4.0,8.0,14.0,15.0,2.0,40.0
104081415,3.0,1.0,3.0,1.0,,1.0,3.0,1040814153.0,1.0,4.0,8.0,14.0,15.0,3.0,40.0
104081415,4.0,0.0,,1.0,,1.0,3.0,1040814153.0,1.0,4.0,8.0,14.0,15.0,4.0,40.0
104081415,5.0,1.0,1.0,1.0,,1.0,3.0,1040814153.0,1.0,4.0,8.0,14.0,15.0,5.0,40.0
104091516,1.0,1.0,23.0,1.0,,1.0,4.0,1040915164.0,1.0,4.0,9.0,15.0,16.0,1.0,40.0
104091516,2.0,1.0,50.0,1.0,,1.0,4.0,1040915164.0,1.0,4.0,9.0,15.0,16.0,2.0,40.0
104091516,3.0,1.0,50.0,1.0,,1.0,4.0,1040915164.0,1.0,4.0,9.0,15.0,16.0,3.0,40.0
104091516,4.0,1.0,30.0,1.0,,1.0,4.0,1040915164.0,1.0,4.0,9.0,15.0,16.0,4.0,40.0
104091516,5.0,1.0,10.0,1.0,,1.0,4.0,1040915164.0,1.0,4.0,9.0,15.0,16.0,5.0,40.0
105101617,1.0,1.0,1.0,1.0,,1.0,1.0,1051016171.0,1.0,5.0,10.0,16.0,17.0,1.0,40.0
105101617,2.0,0.0,,1.0,,1.0,1.0,1051016171.0,1.0,5.0,10.0,16.0,17.0,2.0,40.0
105101617,3.0,0.0,,1.0,,1.0,1.0,1051016171.0,1.0,5.0,10.0,16.0,17.0,3.0,40.0
105101617,4.0,0.0,,1.0,,1.0,1.0,1051016171.0,1.0,5.0,10.0,16.0,17.0,4.0,40.0
105101617,5.0,0.0,,1.0,,1.0,1.0,1051016171.0,1.0,5.0,10.0,16.0,17.0,5.0,40.0
105101718,1.0,1.0,4.0,1.0,,1.0,2.0,1051017182.0,1.0,5.0,10.0,17.0,18.0,1.0,40.0
105101718,2.0,0.0,,1.0,,1.0,2.0,1051017182.0,1.0,5.0,10.0,17.0,18.0,2.0,40.0
105101718,3.0,0.0,,1.0,,1.0,2.0,1051017182.0,1.0,5.0,10.0,17.0,18.0,3.0,40.0
105101718,4.0,0.0,,1.0,,1.0,2.0,1051017182.0,1.0,5.0,10.0,17.0,18.0,4.0,40.0
105101718,5.0,0.0,,1.0,,1.0,2.0,1051017182.0,1.0,5.0,10.0,17.0,18.0,5.0,40.0
105111819,1.0,1.0,3.0,1.0,,1.0,3.0,1051118193.0,1.0,5.0,11.0,18.0,19.0,1.0,40.0
105111819,2.0,0.0,,1.0,,1.0,3.0,1051118193.0,1.0,5.0,11.0,18.0,19.0,2.0,40.0
105111819,3.0,0.0,,1.0,,1.0,3.0,1051118193.0,1.0,5.0,11.0,18.0,19.0,3.0,40.0
105111819,4.0,0.0,,1.0,,1.0,3.0,1051118193.0,1.0,5.0,11.0,18.0,19.0,4.0,40.0
105111819,5.0,0.0,,1.0,,1.0,3.0,1051118193.0,1.0,5.0,11.0,18.0,19.0,5.0,40.0
105121920,1.0,0.0,,1.0,,1.0,4.0,1051219204.0,1.0,5.0,12.0,19.0,20.0,1.0,40.0
105121920,2.0,0.0,,1.0,,1.0,4.0,1051219204.0,1.0,5.0,12.0,19.0,20.0,2.0,40.0
105121920,3.0,0.0,,1.0,,1.0,4.0,1051219204.0,1.0,5.0,12.0,19.0,20.0,3.0,40.0
105121920,4.0,0.0,,1.0,,1.0,4.0,1051219204.0,1.0,5.0,12.0,19.0,20.0,4.0,40.0
105121920,5.0,0.0,,1.0,,1.0,4.0,1051219204.0,1.0,5.0,12.0,19.0,20.0,5.0,40.0
106132021,1.0,0.0,,1.0,,1.0,1.0,1061320211.0,1.0,6.0,13.0,20.0,21.0,1.0,40.0
106132021,2.0,0.0,,1.0,,1.0,1.0,1061320211.0,1.0,6.0,13.0,20.0,21.0,2.0,40.0
106132021,3.0,0.0,,1.0,,1.0,1.0,1061320211.0,1.0,6.0,13.0,20.0,21.0,3.0,40.0
106132021,4.0,0.0,,1.0,,1.0,1.0,1061320211.0,1.0,6.0,13.0,20.0,21.0,4.0,40.0
106132021,5.0,0.0,,1.0,,1.0,1.0,1061320211.0,1.0,6.0,13.0,20.0,21.0,5.0,40.0
106132122,1.0,1.0,5.0,1.0,,1.0,2.0,1061321222.0,1.0,6.0,13.0,21.0,22.0,1.0,40.0
106132122,2.0,0.0,,1.0,,1.0,2.0,1061321222.0,1.0,6.0,13.0,21.0,22.0,2.0,40.0
106132122,3.0,0.0,,1.0,,1.0,2.0,1061321222.0,1.0,6.0,13.0,21.0,22.0,3.0,40.0
106132122,4.0,0.0,,1.0,,1.0,2.0,1061321222.0,1.0,6.0,13.0,21.0,22.0,4.0,40.0
106132122,5.0,0.0,,1.0,,1.0,2.0,1061321222.0,1.0,6.0,13.0,21.0,22.0,5.0,40.0
106142223,1.0,0.0,,1.0,,1.0,3.0,1061422233.0,1.0,6.0,14.0,22.0,23.0,1.0,40.0
106142223,2.0,0.0,,1.0,,1.0,3.0,1061422233.0,1.0,6.0,14.0,22.0,23.0,2.0,40.0
106142223,3.0,0.0,,0.0,4.0,1.0,3.0,1061422233.0,1.0,6.0,14.0,22.0,23.0,3.0,40.0
106142223,4.0,0.0,,0.0,4.0,1.0,3.0,1061422233.0,1.0,6.0,14.0,22.0,23.0,4.0,40.0
106142223,5.0,0.0,,0.0,4.0,1.0,3.0,1061422233.0,1.0,6.0,14.0,22.0,23.0,5.0,40.0
106142324,1.0,1.0,5.0,1.0,,1.0,4.0,1061423244.0,1.0,6.0,14.0,23.0,24.0,1.0,40.0
106142324,2.0,0.0,,1.0,,1.0,4.0,1061423244.0,1.0,6.0,14.0,23.0,24.0,2.0,40.0
106142324,3.0,0.0,,1.0,,1.0,4.0,1061423244.0,1.0,6.0,14.0,23.0,24.0,3.0,40.0
106142324,4.0,0.0,,1.0,,1.0,4.0,1061423244.0,1.0,6.0,14.0,23.0,24.0,4.0,40.0
106142324,5.0,0.0,,1.0,,1.0,4.0,1061423244.0,1.0,6.0,14.0,23.0,24.0,5.0,40.0
107152425,1.0,1.0,20.0,1.0,,1.0,1.0,1071524251.0,1.0,7.0,15.0,24.0,25.0,1.0,40.0
107152425,2.0,0.0,,1.0,,1.0,1.0,1071524251.0,1.0,7.0,15.0,24.0,25.0,2.0,40.0
107152425,3.0,0.0,,1.0,,1.0,1.0,1071524251.0,1.0,7.0,15.0,24.0,25.0,3.0,40.0
107152425,4.0,0.0,,1.0,,1.0,1.0,1071524251.0,1.0,7.0,15.0,24.0,25.0,4.0,40.0
107152425,5.0,0.0,,1.0,,1.0,1.0,1071524251.0,1.0,7.0,15.0,24.0,25.0,5.0,40.0
107162526,1.0,0.0,,1.0,,1.0,2.0,1071625262.0,1.0,7.0,16.0,25.0,26.0,1.0,40.0
107162526,2.0,0.0,,1.0,,1.0,2.0,1071625262.0,1.0,7.0,16.0,25.0,26.0,2.0,40.0
107162526,3.0,1.0,10.0,0.0,4.0,1.0,2.0,1071625262.0,1.0,7.0,16.0,25.0,26.0,3.0,40.0
107162526,4.0,1.0,5.0,0.0,4.0,1.0,2.0,1071625262.0,1.0,7.0,16.0,25.0,26.0,4.0,40.0
107162526,5.0,0.0,,0.0,4.0,1.0,2.0,1071625262.0,1.0,7.0,16.0,25.0,26.0,5.0,40.0
107162627,1.0,0.0,,1.0,,1.0,3.0,1071626273.0,1.0,7.0,16.0,26.0,27.0,1.0,40.0
107162627,2.0,0.0,,1.0,,1.0,3.0,1071626273.0,1.0,7.0,16.0,26.0,27.0,2.0,40.0
107162627,3.0,0.0,,1.0,,1.0,3.0,1071626273.0,1.0,7.0,16.0,26.0,27.0,3.0,40.0
107162627,4.0,0.0,,1.0,,1.0,3.0,1071626273.0,1.0,7.0,16.0,26.0,27.0,4.0,40.0
107162627,5.0,0.0,,1.0,,1.0,3.0,1071626273.0,1.0,7.0,16.0,26.0,27.0,5.0,40.0
107172728,1.0,0.0,,1.0,,1.0,4.0,1071727284.0,1.0,7.0,17.0,27.0,28.0,1.0,40.0
107172728,2.0,0.0,,1.0,,1.0,4.0,1071727284.0,1.0,7.0,17.0,27.0,28.0,2.0,40.0
107172728,3.0,0.0,,1.0,,1.0,4.0,1071727284.0,1.0,7.0,17.0,27.0,28.0,3.0,40.0
107172728,4.0,0.0,,1.0,,1.0,4.0,1071727284.0,1.0,7.0,17.0,27.0,28.0,4.0,40.0
107172728,5.0,0.0,,1.0,,1.0,4.0,1071727284.0,1.0,7.0,17.0,27.0,28.0,5.0,40.0
108182829,1.0,1.0,3.0,1.0,,1.0,1.0,1081828291.0,1.0,8.0,18.0,28.0,29.0,1.0,40.0
108182829,2.0,0.0,,1.0,,1.0,1.0,1081828291.0,1.0,8.0,18.0,28.0,29.0,2.0,40.0
108182829,3.0,1.0,3.0,0.0,2.0,1.0,1.0,1081828291.0,1.0,8.0,18.0,28.0,29.0,3.0,40.0
108182829,4.0,0.0,,0.0,1.0,1.0,1.0,1081828291.0,1.0,8.0,18.0,28.0,29.0,4.0,40.0
108182829,5.0,0.0,,0.0,3.0,1.0,1.0,1081828291.0,1.0,8.0,18.0,28.0,29.0,5.0,40.0
108192930,1.0,1.0,10.0,1.0,,1.0,2.0,1081929302.0,1.0,8.0,19.0,29.0,30.0,1.0,40.0
108192930,2.0,0.0,,1.0,,1.0,2.0,1081929302.0,1.0,8.0,19.0,29.0,30.0,2.0,40.0
108192930,3.0,1.0,3.0,1.0,,1.0,2.0,1081929302.0,1.0,8.0,19.0,29.0,30.0,3.0,40.0
108192930,4.0,1.0,2.0,1.0,,1.0,2.0,1081929302.0,1.0,8.0,19.0,29.0,30.0,4.0,40.0
108192930,5.0,0.0,,1.0,,1.0,2.0,1081929302.0,1.0,8.0,19.0,29.0,30.0,5.0,40.0
108203031,1.0,1.0,1.0,1.0,,1.0,3.0,1082030313.0,1.0,8.0,20.0,30.0,31.0,1.0,40.0
108203031,2.0,0.0,,1.0,,1.0,3.0,1082030313.0,1.0,8.0,20.0,30.0,31.0,2.0,40.0
108203031,3.0,0.0,,1.0,,1.0,3.0,1082030313.0,1.0,8.0,20.0,30.0,31.0,3.0,40.0
108203031,4.0,1.0,5.0,1.0,,1.0,3.0,1082030313.0,1.0,8.0,20.0,30.0,31.0,4.0,40.0
108203031,5.0,0.0,,1.0,,1.0,3.0,1082030313.0,1.0,8.0,20.0,30.0,31.0,5.0,40.0
108213132,1.0,0.0,,1.0,,1.0,4.0,1082131324.0,1.0,8.0,21.0,31.0,32.0,1.0,40.0
108213132,2.0,0.0,,1.0,,1.0,4.0,1082131324.0,1.0,8.0,21.0,31.0,32.0,2.0,40.0
108213132,3.0,0.0,,1.0,,1.0,4.0,1082131324.0,1.0,8.0,21.0,31.0,32.0,3.0,40.0
108213132,4.0,0.0,,1.0,,1.0,4.0,1082131324.0,1.0,8.0,21.0,31.0,32.0,4.0,40.0
108213132,5.0,0.0,,1.0,,1.0,4.0,1082131324.0,1.0,8.0,21.0,31.0,32.0,5.0,40.0
109223233,1.0,1.0,4.0,1.0,,1.0,1.0,1092232331.0,1.0,9.0,22.0,32.0,33.0,1.0,40.0
109223233,2.0,0.0,,1.0,,1.0,1.0,1092232331.0,1.0,9.0,22.0,32.0,33.0,2.0,40.0
109223233,3.0,0.0,,1.0,,1.0,1.0,1092232331.0,1.0,9.0,22.0,32.0,33.0,3.0,40.0
109223233,4.0,1.0,4.0,1.0,,1.0,1.0,1092232331.0,1.0,9.0,22.0,32.0,33.0,4.0,40.0
109223233,5.0,0.0,,0.0,4.0,1.0,1.0,1092232331.0,1.0,9.0,22.0,32.0,33.0,5.0,40.0
109223334,1.0,1.0,30.0,1.0,,1.0,2.0,1092233342.0,1.0,9.0,22.0,33.0,34.0,1.0,40.0
109223334,2.0,0.0,,1.0,,1.0,2.0,1092233342.0,1.0,9.0,22.0,33.0,34.0,2.0,40.0
109223334,3.0,1.0,2.0,1.0,,1.0,2.0,1092233342.0,1.0,9.0,22.0,33.0,34.0,3.0,40.0
109223334,4.0,1.0,4.0,1.0,,1.0,2.0,1092233342.0,1.0,9.0,22.0,33.0,34.0,4.0,40.0
109223334,5.0,0.0,,1.0,,1.0,2.0,1092233342.0,1.0,9.0,22.0,33.0,34.0,5.0,40.0
109233435,1.0,1.0,1.0,1.0,,1.0,3.0,1092334353.0,1.0,9.0,23.0,34.0,35.0,1.0,40.0
109233435,2.0,0.0,,0.0,,1.0,3.0,1092334353.0,1.0,9.0,23.0,34.0,35.0,2.0,40.0
109233435,3.0,0.0,,0.0,,1.0,3.0,1092334353.0,1.0,9.0,23.0,34.0,35.0,3.0,40.0
109233435,4.0,0.0,,0.0,,1.0,3.0,1092334353.0,1.0,9.0,23.0,34.0,35.0,4.0,40.0
109233435,5.0,0.0,,0.0,,1.0,3.0,1092334353.0,1.0,9.0,23.0,34.0,35.0,5.0,40.0
109233536,1.0,1.0,1.0,0.0,2.0,1.0,4.0,1092335364.0,1.0,9.0,23.0,35.0,36.0,1.0,40.0
109233536,2.0,0.0,,0.0,2.0,1.0,4.0,1092335364.0,1.0,9.0,23.0,35.0,36.0,2.0,40.0
109233536,3.0,0.0,,0.0,2.0,1.0,4.0,1092335364.0,1.0,9.0,23.0,35.0,36.0,3.0,40.0
109233536,4.0,0.0,,0.0,2.0,1.0,4.0,1092335364.0,1.0,9.0,23.0,35.0,36.0,4.0,40.0
109233536,5.0,0.0,,0.0,2.0,1.0,4.0,1092335364.0,1.0,9.0,23.0,35.0,36.0,5.0,40.0
110243637,1.0,1.0,3.0,1.0,,1.0,1.0,1102436371.0,1.0,10.0,24.0,36.0,37.0,1.0,40.0
110243637,2.0,0.0,,1.0,,1.0,1.0,1102436371.0,1.0,10.0,24.0,36.0,37.0,2.0,40.0
110243637,3.0,0.0,,1.0,,1.0,1.0,1102436371.0,1.0,10.0,24.0,36.0,37.0,3.0,40.0
110243637,4.0,0.0,,1.0,,1.0,1.0,1102436371.0,1.0,10.0,24.0,36.0,37.0,4.0,40.0
110243637,5.0,0.0,,1.0,,1.0,1.0,1102436371.0,1.0,10.0,24.0,36.0,37.0,5.0,40.0
110243738,1.0,1.0,4.0,1.0,,1.0,2.0,1102437382.0,1.0,10.0,24.0,37.0,38.0,1.0,40.0
110243738,2.0,1.0,4.0,1.0,,1.0,2.0,1102437382.0,1.0,10.0,24.0,37.0,38.0,2.0,40.0
110243738,3.0,0.0,,1.0,,1.0,2.0,1102437382.0,1.0,10.0,24.0,37.0,38.0,3.0,40.0
110243738,4.0,0.0,,1.0,,1.0,2.0,1102437382.0,1.0,10.0,24.0,37.0,38.0,4.0,40.0
110243738,5.0,0.0,,1.0,,1.0,2.0,1102437382.0,1.0,10.0,24.0,37.0,38.0,5.0,40.0
110243839,1.0,0.0,,1.0,,1.0,3.0,1102438393.0,1.0,10.0,24.0,38.0,39.0,1.0,40.0
110243839,2.0,0.0,,1.0,,1.0,3.0,1102438393.0,1.0,10.0,24.0,38.0,39.0,2.0,40.0
110243839,3.0,1.0,1.0,1.0,,1.0,3.0,1102438393.0,1.0,10.0,24.0,38.0,39.0,3.0,40.0
110243839,4.0,0.0,,1.0,,1.0,3.0,1102438393.0,1.0,10.0,24.0,38.0,39.0,4.0,40.0
110243839,5.0,0.0,,1.0,,1.0,3.0,1102438393.0,1.0,10.0,24.0,38.0,39.0,5.0,40.0
110253940,1.0,1.0,20.0,1.0,,1.0,4.0,1102539404.0,1.0,10.0,25.0,39.0,40.0,1.0,40.0
110253940,2.0,0.0,,1.0,,1.0,4.0,1102539404.0,1.0,10.0,25.0,39.0,40.0,2.0,40.0
110253940,3.0,1.0,10.0,0.0,5.0,1.0,4.0,1102539404.0,1.0,10.0,25.0,39.0,40.0,3.0,40.0
110253940,4.0,1.0,10.0,0.0,5.0,1.0,4.0,1102539404.0,1.0,10.0,25.0,39.0,40.0,4.0,40.0
110253940,5.0,1.0,1.0,1.0,,1.0,4.0,1102539404.0,1.0,10.0,25.0,39.0,40.0,5.0,40.0
111264041,1.0,1.0,,1.0,,1.0,1.0,1112640411.0,1.0,11.0,26.0,40.0,41.0,1.0,40.0
111264041,2.0,1.0,,1.0,,1.0,1.0,1112640411.0,1.0,11.0,26.0,40.0,41.0,2.0,40.0
111264041,3.0,1.0,,1.0,,1.0,1.0,1112640411.0,1.0,11.0,26.0,40.0,41.0,3.0,40.0
111264041,4.0,1.0,,1.0,,1.0,1.0,1112640411.0,1.0,11.0,26.0,40.0,41.0,4.0,40.0
111264041,5.0,0.0,,1.0,,1.0,1.0,1112640411.0,1.0,11.0,26.0,40.0,41.0,5.0,40.0
111274142,1.0,0.0,,1.0,,1.0,2.0,1112741422.0,1.0,11.0,27.0,41.0,42.0,1.0,40.0
111274142,2.0,0.0,,1.0,,1.0,2.0,1112741422.0,1.0,11.0,27.0,41.0,42.0,2.0,40.0
111274142,3.0,0.0,,1.0,,1.0,2.0,1112741422.0,1.0,11.0,27.0,41.0,42.0,3.0,40.0
111274142,4.0,0.0,,1.0,,1.0,2.0,1112741422.0,1.0,11.0,27.0,41.0,42.0,4.0,40.0
111274142,5.0,0.0,,1.0,,1.0,2.0,1112741422.0,1.0,11.0,27.0,41.0,42.0,5.0,40.0
111274243,1.0,1.0,5.0,1.0,,1.0,3.0,1112742433.0,1.0,11.0,27.0,42.0,43.0,1.0,40.0
111274243,2.0,0.0,,1.0,,1.0,3.0,1112742433.0,1.0,11.0,27.0,42.0,43.0,2.0,40.0
111274243,3.0,0.0,,1.0,,1.0,3.0,1112742433.0,1.0,11.0,27.0,42.0,43.0,3.0,40.0
111274243,4.0,1.0,5.0,1.0,,1.0,3.0,1112742433.0,1.0,11.0,27.0,42.0,43.0,4.0,40.0
111274243,5.0,0.0,,1.0,,1.0,3.0,1112742433.0,1.0,11.0,27.0,42.0,43.0,5.0,40.0
111284344,1.0,1.0,2.0,1.0,,1.0,4.0,1112843444.0,1.0,11.0,28.0,43.0,44.0,1.0,40.0
111284344,2.0,0.0,,1.0,,1.0,4.0,1112843444.0,1.0,11.0,28.0,43.0,44.0,2.0,40.0
111284344,3.0,1.0,2.0,1.0,,1.0,4.0,1112843444.0,1.0,11.0,28.0,43.0,44.0,3.0,40.0
111284344,4.0,1.0,5.0,1.0,,1.0,4.0,1112843444.0,1.0,11.0,28.0,43.0,44.0,4.0,40.0
111284344,5.0,0.0,,1.0,,1.0,4.0,1112843444.0,1.0,11.0,28.0,43.0,44.0,5.0,40.0
112294445,1.0,0.0,,1.0,,1.0,1.0,1122944451.0,1.0,12.0,29.0,44.0,45.0,1.0,40.0
112294445,2.0,0.0,,1.0,,1.0,1.0,1122944451.0,1.0,12.0,29.0,44.0,45.0,2.0,40.0
112294445,3.0,0.0,,1.0,,1.0,1.0,1122944451.0,1.0,12.0,29.0,44.0,45.0,3.0,40.0
112294445,4.0,0.0,,1.0,,1.0,1.0,1122944451.0,1.0,12.0,29.0,44.0,45.0,4.0,40.0
112294445,5.0,0.0,,1.0,,1.0,1.0,1122944451.0,1.0,12.0,29.0,44.0,45.0,5.0,40.0
112304546,1.0,0.0,,1.0,,1.0,2.0,1123045462.0,1.0,12.0,30.0,45.0,46.0,1.0,40.0
112304546,2.0,0.0,,1.0,,1.0,2.0,1123045462.0,1.0,12.0,30.0,45.0,46.0,2.0,40.0
112304546,3.0,0.0,,0.0,3.0,1.0,2.0,1123045462.0,1.0,12.0,30.0,45.0,46.0,3.0,40.0
112304546,4.0,0.0,,0.0,3.0,1.0,2.0,1123045462.0,1.0,12.0,30.0,45.0,46.0,4.0,40.0
112304546,5.0,0.0,,1.0,,1.0,2.0,1123045462.0,1.0,12.0,30.0,45.0,46.0,5.0,40.0
112304647,1.0,0.0,,1.0,,1.0,3.0,1123046473.0,1.0,12.0,30.0,46.0,47.0,1.0,40.0
112304647,2.0,0.0,,1.0,,1.0,3.0,1123046473.0,1.0,12.0,30.0,46.0,47.0,2.0,40.0
112304647,3.0,0.0,,0.0,4.0,1.0,3.0,1123046473.0,1.0,12.0,30.0,46.0,47.0,3.0,40.0
112304647,4.0,0.0,,0.0,4.0,1.0,3.0,1123046473.0,1.0,12.0,30.0,46.0,47.0,4.0,40.0
112304647,5.0,0.0,,0.0,4.0,1.0,3.0,1123046473.0,1.0,12.0,30.0,46.0,47.0,5.0,40.0
112314748,1.0,1.0,3.0,1.0,,1.0,4.0,1123147484.0,1.0,12.0,31.0,47.0,48.0,1.0,40.0
112314748,2.0,0.0,,1.0,,1.0,4.0,1123147484.0,1.0,12.0,31.0,47.0,48.0,2.0,40.0
112314748,3.0,0.0,,1.0,,1.0,4.0,1123147484.0,1.0,12.0,31.0,47.0,48.0,3.0,40.0
112314748,4.0,0.0,,1.0,,1.0,4.0,1123147484.0,1.0,12.0,31.0,47.0,48.0,4.0,40.0
112314748,5.0,0.0,,1.0,,1.0,4.0,1123147484.0,1.0,12.0,31.0,47.0,48.0,5.0,40.0
213324849,1.0,0.0,,1.0,,1.0,1.0,2133248491.0,2.0,13.0,32.0,48.0,49.0,1.0,40.0
213324849,2.0,0.0,,1.0,,1.0,1.0,2133248491.0,2.0,13.0,32.0,48.0,49.0,2.0,40.0
213324849,3.0,0.0,,1.0,,1.0,1.0,2133248491.0,2.0,13.0,32.0,48.0,49.0,3.0,40.0
213324849,4.0,0.0,,1.0,,1.0,1.0,2133248491.0,2.0,13.0,32.0,48.0,49.0,4.0,40.0
213324849,5.0,0.0,,1.0,,1.0,1.0,2133248491.0,2.0,13.0,32.0,48.0,49.0,5.0,40.0
213324950,1.0,0.0,,1.0,,1.0,2.0,2133249502.0,2.0,13.0,32.0,49.0,50.0,1.0,40.0
213324950,2.0,0.0,,1.0,,1.0,2.0,2133249502.0,2.0,13.0,32.0,49.0,50.0,2.0,40.0
213324950,3.0,0.0,,1.0,,1.0,2.0,2133249502.0,2.0,13.0,32.0,49.0,50.0,3.0,40.0
213324950,4.0,0.0,,1.0,,1.0,2.0,2133249502.0,2.0,13.0,32.0,49.0,50.0,4.0,40.0
213324950,5.0,0.0,,1.0,,1.0,2.0,2133249502.0,2.0,13.0,32.0,49.0,50.0,5.0,40.0
213324952,1.0,0.0,,1.0,,1.0,3.0,2133249523.0,2.0,13.0,32.0,49.0,52.0,1.0,40.0
213324952,2.0,0.0,,1.0,,1.0,3.0,2133249523.0,2.0,13.0,32.0,49.0,52.0,2.0,40.0
213324952,3.0,0.0,,1.0,,1.0,3.0,2133249523.0,2.0,13.0,32.0,49.0,52.0,3.0,40.0
213324952,4.0,0.0,,1.0,,1.0,3.0,2133249523.0,2.0,13.0,32.0,49.0,52.0,4.0,40.0
213324952,5.0,0.0,,1.0,,1.0,3.0,2133249523.0,2.0,13.0,32.0,49.0,52.0,5.0,40.0
213335051,1.0,1.0,2.0,1.0,,1.0,4.0,2133351514.0,2.0,13.0,33.0,50.0,51.0,1.0,40.0
213335051,2.0,1.0,1.0,1.0,,1.0,4.0,2133351514.0,2.0,13.0,33.0,50.0,51.0,2.0,40.0
213335051,3.0,0.0,,1.0,,1.0,4.0,2133351514.0,2.0,13.0,33.0,50.0,51.0,3.0,40.0
213335051,4.0,0.0,,1.0,,1.0,4.0,2133351514.0,2.0,13.0,33.0,50.0,51.0,4.0,40.0
213335051,5.0,0.0,,1.0,,1.0,4.0,2133351514.0,2.0,13.0,33.0,50.0,51.0,5.0,40.0
214345253,1.0,1.0,5.0,1.0,,1.0,1.0,2143452531.0,2.0,14.0,34.0,52.0,53.0,1.0,40.0
214345253,2.0,0.0,,1.0,,1.0,1.0,2143452531.0,2.0,14.0,34.0,52.0,53.0,2.0,40.0
214345253,3.0,0.0,,1.0,,1.0,1.0,2143452531.0,2.0,14.0,34.0,52.0,53.0,3.0,40.0
214345253,4.0,0.0,,1.0,,1.0,1.0,2143452531.0,2.0,14.0,34.0,52.0,53.0,4.0,40.0
214345253,5.0,0.0,,0.0,3.0,1.0,1.0,2143452531.0,2.0,14.0,34.0,52.0,53.0,5.0,40.0
214355354,1.0,0.0,,1.0,,1.0,2.0,2143553542.0,2.0,14.0,35.0,53.0,54.0,1.0,40.0
214355354,2.0,0.0,,1.0,,1.0,2.0,2143553542.0,2.0,14.0,35.0,53.0,54.0,2.0,40.0
214355354,3.0,0.0,,0.0,2.0,1.0,2.0,2143553542.0,2.0,14.0,35.0,53.0,54.0,3.0,40.0
214355354,4.0,0.0,,0.0,1.0,1.0,2.0,2143553542.0,2.0,14.0,35.0,53.0,54.0,4.0,40.0
214355354,5.0,0.0,,0.0,3.0,1.0,2.0,2143553542.0,2.0,14.0,35.0,53.0,54.0,5.0,40.0
214365455,1.0,0.0,,0.0,1.0,1.0,3.0,2143654553.0,2.0,14.0,36.0,54.0,55.0,1.0,40.0
214365455,2.0,0.0,,0.0,1.0,1.0,3.0,2143654553.0,2.0,14.0,36.0,54.0,55.0,2.0,40.0
214365455,3.0,0.0,,0.0,1.0,1.0,3.0,2143654553.0,2.0,14.0,36.0,54.0,55.0,3.0,40.0
214365455,4.0,0.0,,0.0,1.0,1.0,3.0,2143654553.0,2.0,14.0,36.0,54.0,55.0,4.0,40.0
214365455,5.0,0.0,,0.0,1.0,1.0,3.0,2143654553.0,2.0,14.0,36.0,54.0,55.0,5.0,40.0
214375556,1.0,1.0,3.0,1.0,,1.0,4.0,2143755564.0,2.0,14.0,37.0,55.0,56.0,1.0,40.0
214375556,2.0,0.0,,1.0,,1.0,4.0,2143755564.0,2.0,14.0,37.0,55.0,56.0,2.0,40.0
214375556,3.0,0.0,,1.0,,1.0,4.0,2143755564.0,2.0,14.0,37.0,55.0,56.0,3.0,40.0
214375556,4.0,0.0,,1.0,,1.0,4.0,2143755564.0,2.0,14.0,37.0,55.0,56.0,4.0,40.0
214375556,5.0,0.0,,1.0,,1.0,4.0,2143755564.0,2.0,14.0,37.0,55.0,56.0,5.0,40.0
215385657,1.0,0.0,,1.0,,1.0,1.0,2153856571.0,2.0,15.0,38.0,56.0,57.0,1.0,40.0
215385657,2.0,0.0,,1.0,,1.0,1.0,2153856571.0,2.0,15.0,38.0,56.0,57.0,2.0,40.0
215385657,3.0,0.0,,1.0,,1.0,1.0,2153856571.0,2.0,15.0,38.0,56.0,57.0,3.0,40.0
215385657,4.0,0.0,,1.0,,1.0,1.0,2153856571.0,2.0,15.0,38.0,56.0,57.0,4.0,40.0
215385657,5.0,0.0,,1.0,,1.0,1.0,2153856571.0,2.0,15.0,38.0,56.0,57.0,5.0,40.0
215395758,1.0,1.0,3.0,1.0,,1.0,2.0,2153957582.0,2.0,15.0,39.0,57.0,58.0,1.0,40.0
215395758,2.0,0.0,,1.0,,1.0,2.0,2153957582.0,2.0,15.0,39.0,57.0,58.0,2.0,40.0
215395758,3.0,0.0,,1.0,,1.0,2.0,2153957582.0,2.0,15.0,39.0,57.0,58.0,3.0,40.0
215395758,4.0,0.0,,1.0,,1.0,2.0,2153957582.0,2.0,15.0,39.0,57.0,58.0,4.0,40.0
215395758,5.0,0.0,,1.0,,1.0,2.0,2153957582.0,2.0,15.0,39.0,57.0,58.0,5.0,40.0
215395859,1.0,0.0,,1.0,,1.0,3.0,2153958593.0,2.0,15.0,39.0,58.0,59.0,1.0,40.0
215395859,2.0,0.0,,1.0,,1.0,3.0,2153958593.0,2.0,15.0,39.0,58.0,59.0,2.0,40.0
215395859,3.0,0.0,,1.0,,1.0,3.0,2153958593.0,2.0,15.0,39.0,58.0,59.0,3.0,40.0
215395859,4.0,0.0,,1.0,,1.0,3.0,2153958593.0,2.0,15.0,39.0,58.0,59.0,4.0,40.0
215395859,5.0,0.0,,1.0,,1.0,3.0,2153958593.0,2.0,15.0,39.0,58.0,59.0,5.0,40.0
215405960,1.0,0.0,,1.0,,1.0,4.0,2154059604.0,2.0,15.0,40.0,59.0,60.0,1.0,40.0
215405960,2.0,0.0,,1.0,,1.0,4.0,2154059604.0,2.0,15.0,40.0,59.0,60.0,2.0,40.0
215405960,3.0,0.0,,1.0,,1.0,4.0,2154059604.0,2.0,15.0,40.0,59.0,60.0,3.0,40.0
215405960,4.0,0.0,,1.0,,1.0,4.0,2154059604.0,2.0,15.0,40.0,59.0,60.0,4.0,40.0
215405960,5.0,0.0,,1.0,,1.0,4.0,2154059604.0,2.0,15.0,40.0,59.0,60.0,5.0,40.0
216416061,1.0,1.0,6.0,1.0,,1.0,1.0,2164160611.0,2.0,16.0,41.0,60.0,61.0,1.0,40.0
216416061,2.0,0.0,,1.0,,1.0,1.0,2164160611.0,2.0,16.0,41.0,60.0,61.0,2.0,40.0
216416061,3.0,0.0,,1.0,,1.0,1.0,2164160611.0,2.0,16.0,41.0,60.0,61.0,3.0,40.0
216416061,4.0,0.0,,1.0,,1.0,1.0,2164160611.0,2.0,16.0,41.0,60.0,61.0,4.0,40.0
216416061,5.0,0.0,,1.0,,1.0,1.0,2164160611.0,2.0,16.0,41.0,60.0,61.0,5.0,40.0
216416162,1.0,0.0,,0.0,6.0,1.0,2.0,2164161622.0,2.0,16.0,41.0,61.0,62.0,1.0,40.0
216416162,2.0,0.0,,0.0,6.0,1.0,2.0,2164161622.0,2.0,16.0,41.0,61.0,62.0,2.0,40.0
216416162,3.0,0.0,,0.0,6.0,1.0,2.0,2164161622.0,2.0,16.0,41.0,61.0,62.0,3.0,40.0
216416162,4.0,0.0,,0.0,6.0,1.0,2.0,2164161622.0,2.0,16.0,41.0,61.0,62.0,4.0,40.0
216416162,5.0,0.0,,0.0,6.0,1.0,2.0,2164161622.0,2.0,16.0,41.0,61.0,62.0,5.0,40.0
216426263,,,,,,1.0,3.0,2164262633.0,2.0,16.0,42.0,62.0,63.0,1.0,40.0
216436364,1.0,1.0,5.0,1.0,,1.0,4.0,2164363644.0,2.0,16.0,43.0,63.0,64.0,2.0,40.0
216436364,2.0,0.0,,1.0,,1.0,4.0,2164363644.0,2.0,16.0,43.0,63.0,64.0,3.0,40.0
216436364,3.0,0.0,,1.0,,1.0,4.0,2164363644.0,2.0,16.0,43.0,63.0,64.0,4.0,40.0
216436364,4.0,0.0,,1.0,,1.0,4.0,2164363644.0,2.0,16.0,43.0,63.0,64.0,5.0,40.0
216436364,5.0,0.0,,0.0,1.0,1.0,4.0,2164363644.0,2.0,16.0,43.0,63.0,64.0,1.0,40.0
217446465,1.0,0.0,,1.0,,1.0,1.0,2174464651.0,2.0,17.0,44.0,64.0,65.0,2.0,40.0
217446465,2.0,0.0,,1.0,,1.0,1.0,2174464651.0,2.0,17.0,44.0,64.0,65.0,3.0,40.0
217446465,3.0,0.0,,1.0,,1.0,1.0,2174464651.0,2.0,17.0,44.0,64.0,65.0,4.0,40.0
217446465,4.0,0.0,,1.0,,1.0,1.0,2174464651.0,2.0,17.0,44.0,64.0,65.0,5.0,40.0
217446465,5.0,0.0,,1.0,,1.0,1.0,2174464651.0,2.0,17.0,44.0,64.0,65.0,1.0,40.0
217446566,1.0,1.0,1.0,1.0,,1.0,2.0,2174465662.0,2.0,17.0,44.0,65.0,66.0,2.0,40.0
217446566,2.0,0.0,,1.0,,1.0,2.0,2174465662.0,2.0,17.0,44.0,65.0,66.0,3.0,40.0
217446566,3.0,0.0,,1.0,,1.0,2.0,2174465662.0,2.0,17.0,44.0,65.0,66.0,4.0,40.0
217446566,4.0,0.0,,1.0,,1.0,2.0,2174465662.0,2.0,17.0,44.0,65.0,66.0,5.0,40.0
217446566,5.0,0.0,,1.0,,1.0,2.0,2174465662.0,2.0,17.0,44.0,65.0,66.0,1.0,40.0
217446667,1.0,0.0,,1.0,,1.0,3.0,2174466673.0,2.0,17.0,44.0,66.0,67.0,2.0,40.0
217446667,2.0,0.0,,1.0,,1.0,3.0,2174466673.0,2.0,17.0,44.0,66.0,67.0,3.0,40.0
217446667,3.0,0.0,,1.0,,1.0,3.0,2174466673.0,2.0,17.0,44.0,66.0,67.0,4.0,40.0
217446667,4.0,0.0,,1.0,,1.0,3.0,2174466673.0,2.0,17.0,44.0,66.0,67.0,5.0,40.0
217446667,5.0,0.0,,1.0,,1.0,3.0,2174466673.0,2.0,17.0,44.0,66.0,67.0,1.0,40.0
217456768,1.0,0.0,,0.0,3.0,1.0,4.0,2174567684.0,2.0,17.0,45.0,67.0,68.0,2.0,40.0
217456768,2.0,0.0,,0.0,3.0,1.0,4.0,2174567684.0,2.0,17.0,45.0,67.0,68.0,3.0,40.0
217456768,3.0,0.0,,0.0,3.0,1.0,4.0,2174567684.0,2.0,17.0,45.0,67.0,68.0,4.0,40.0
217456768,4.0,0.0,,0.0,3.0,1.0,4.0,2174567684.0,2.0,17.0,45.0,67.0,68.0,5.0,40.0
217456768,5.0,0.0,,0.0,3.0,1.0,4.0,2174567684.0,2.0,17.0,45.0,67.0,68.0,1.0,40.0
318466869,1.0,0.0,,1.0,,1.0,1.0,3184668691.0,3.0,18.0,46.0,68.0,69.0,2.0,40.0
318466869,2.0,0.0,,1.0,,1.0,1.0,3184668691.0,3.0,18.0,46.0,68.0,69.0,3.0,40.0
318466869,3.0,0.0,,1.0,,1.0,1.0,3184668691.0,3.0,18.0,46.0,68.0,69.0,4.0,40.0
318466869,4.0,0.0,,1.0,,1.0,1.0,3184668691.0,3.0,18.0,46.0,68.0,69.0,5.0,40.0
318466869,5.0,0.0,,1.0,,1.0,1.0,3184668691.0,3.0,18.0,46.0,68.0,69.0,1.0,50.0
318466970,1.0,0.0,,1.0,,1.0,2.0,3184669702.0,3.0,18.0,46.0,69.0,70.0,2.0,50.0
318466970,2.0,0.0,,1.0,,1.0,2.0,3184669702.0,3.0,18.0,46.0,69.0,70.0,3.0,50.0
318466970,3.0,0.0,,1.0,,1.0,2.0,3184669702.0,3.0,18.0,46.0,69.0,70.0,4.0,50.0
318466970,4.0,0.0,,1.0,,1.0,2.0,3184669702.0,3.0,18.0,46.0,69.0,70.0,5.0,50.0
318466970,5.0,0.0,,1.0,,1.0,2.0,3184669702.0,3.0,18.0,46.0,69.0,70.0,1.0,50.0
318467071,1.0,0.0,,1.0,,1.0,3.0,3184670713.0,3.0,18.0,46.0,70.0,71.0,2.0,50.0
318467071,2.0,0.0,,1.0,,1.0,3.0,3184670713.0,3.0,18.0,46.0,70.0,71.0,3.0,50.0
318467071,3.0,1.0,1.0,1.0,,1.0,3.0,3184670713.0,3.0,18.0,46.0,70.0,71.0,4.0,50.0
318467071,4.0,0.0,,0.0,4.0,1.0,3.0,3184670713.0,3.0,18.0,46.0,70.0,71.0,5.0,50.0
318467071,5.0,0.0,,1.0,,1.0,3.0,3184670713.0,3.0,18.0,46.0,70.0,71.0,1.0,50.0
318467172,1.0,1.0,3.0,0.0,3.0,1.0,4.0,3184671724.0,3.0,18.0,46.0,71.0,72.0,2.0,50.0
318467172,2.0,0.0,,0.0,3.0,1.0,4.0,3184671724.0,3.0,18.0,46.0,71.0,72.0,3.0,50.0
318467172,3.0,0.0,,0.0,3.0,1.0,4.0,3184671724.0,3.0,18.0,46.0,71.0,72.0,4.0,50.0
318467172,4.0,0.0,,0.0,3.0,1.0,4.0,3184671724.0,3.0,18.0,46.0,71.0,72.0,5.0,50.0
318467172,5.0,0.0,,0.0,3.0,1.0,4.0,3184671724.0,3.0,18.0,46.0,71.0,72.0,1.0,50.0
319477273,1.0,0.0,,1.0,,1.0,1.0,3194772731.0,3.0,19.0,47.0,72.0,73.0,2.0,50.0
319477273,2.0,0.0,,1.0,,1.0,1.0,3194772731.0,3.0,19.0,47.0,72.0,73.0,3.0,50.0
319477273,3.0,0.0,,1.0,,1.0,1.0,3194772731.0,3.0,19.0,47.0,72.0,73.0,4.0,50.0
319477273,4.0,0.0,,1.0,,1.0,1.0,3194772731.0,3.0,19.0,47.0,72.0,73.0,5.0,50.0
319477273,5.0,0.0,,1.0,,1.0,1.0,3194772731.0,3.0,19.0,47.0,72.0,73.0,1.0,40.0
319477274,1.0,0.0,,1.0,,1.0,2.0,3194772742.0,3.0,19.0,47.0,72.0,74.0,2.0,40.0
319477274,2.0,0.0,,1.0,,1.0,2.0,3194772742.0,3.0,19.0,47.0,72.0,74.0,3.0,40.0
319477274,3.0,0.0,,1.0,,1.0,2.0,3194772742.0,3.0,19.0,47.0,72.0,74.0,4.0,40.0
319477274,4.0,0.0,,1.0,,1.0,2.0,3194772742.0,3.0,19.0,47.0,72.0,74.0,5.0,40.0
319477274,5.0,0.0,,1.0,,1.0,2.0,3194772742.0,3.0,19.0,47.0,72.0,74.0,1.0,40.0
319477375,1.0,1.0,6.0,1.0,,1.0,3.0,3194773753.0,3.0,19.0,47.0,73.0,75.0,2.0,40.0
319477375,2.0,1.0,3.0,1.0,,1.0,3.0,3194773753.0,3.0,19.0,47.0,73.0,75.0,3.0,40.0
319477375,3.0,1.0,6.0,1.0,,1.0,3.0,3194773753.0,3.0,19.0,47.0,73.0,75.0,4.0,40.0
319477375,4.0,0.0,,1.0,,1.0,3.0,3194773753.0,3.0,19.0,47.0,73.0,75.0,5.0,40.0
319477375,5.0,0.0,,1.0,,1.0,3.0,3194773753.0,3.0,19.0,47.0,73.0,75.0,1.0,40.0
319487476,1.0,0.0,,1.0,,1.0,4.0,3194874764.0,3.0,19.0,48.0,74.0,76.0,2.0,40.0
319487476,2.0,0.0,,1.0,,1.0,4.0,3194874764.0,3.0,19.0,48.0,74.0,76.0,3.0,40.0
319487476,3.0,1.0,10.0,1.0,,1.0,4.0,3194874764.0,3.0,19.0,48.0,74.0,76.0,4.0,40.0
319487476,4.0,0.0,,1.0,,1.0,4.0,3194874764.0,3.0,19.0,48.0,74.0,76.0,5.0,40.0
319487476,5.0,0.0,,1.0,,1.0,4.0,3194874764.0,3.0,19.0,48.0,74.0,76.0,1.0,40.0
101010101,Agricultural land (cultivable),0.0,,,,,,,,,,,,2.0,40.0
101010101,Agricultural land (non-cultiva,0.0,,,,,,,,,,,,3.0,40.0
101010101,Residential land (without cons,0.0,,,,,,,,,,,,4.0,40.0
101010101,Residential land (with constru,0.0,,,,,,,,,,,,5.0,40.0
101010101,Land for animal sheds (e.g. da,0.0,,,,,,,,,,,,1.0,
101010202,Agricultural land (cultivable),1.0,10.0,,,,,,,,,,,2.0,
101010202,Agricultural land (non-cultiva,0.0,,,,,,,,,,,,3.0,
101010202,Residential land (without cons,0.0,,,,,,,,,,,,4.0,
101010202,Residential land (with constru,0.0,,,,,,,,,,,,5.0,
101010202,Land for animal sheds (e.g. da,0.0,,,,,,,,,,,,1.0,
101010203,Agricultural land (cultivable),1.0,2.0,,,,,,,,,,,2.0,
101010203,Agricultural land (non-cultiva,0.0,,,,,,,,,,,,3.0,
101010203,Residential land (without cons,1.0,2.0,,,,,,,,,,,4.0,
101010203,Residential land (with constru,0.0,,,,,,,,,,,,5.0,
101010203,Land for animal sheds (e.g. da,0.0,,,,,,,,,,,,1.0,
101020304,Agricultural land (cultivable),1.0,1.0,,,,,,,,,,,2.0,
101020304,Agricultural land (non-cultiva,0.0,,,,,,,,,,,,3.0,
101020304,Residential land (without cons,1.0,4.0,,,,,,,,,,,4.0,
101020304,Residential land (with constru,1.0,1.0,,,,,,,,,,,5.0,
101020304,Land for animal sheds (e.g. da,0.0,,,,,,,,,,,,1.0,
102030405,Agricultural land (cultivable),1.0,6.0,,,,,,,,,,,2.0,
102030405,Agricultural land (non-cultiva,0.0,,,,,,,,,,,,3.0,
102030405,Residential land (without cons,1.0,1.0,,,,,,,,,,,4.0,
102030405,Residential land (with constru,1.0,1.0,,,,,,,,,,,5.0,
102030405,Land for animal sheds (e.g. da,0.0,,,,,,,,,,,,1.0,
102030506,Agricultural land (cultivable),1.0,2.0,,,,,,,,,,,2.0,
102030506,Agricultural land (non-cultiva,0.0,,,,,,,,,,,,3.0,
102030506,Residential land (without cons,0.0,,,,,,,,,,,,4.0,
102030506,Residential land (with constru,0.0,,,,,,,,,,,,5.0,
102030506,Land for animal sheds (e.g. da,0.0,,,,,,,,,,,,1.0,
102030607,Agricultural land (cultivable),1.0,4.0,,,,,,,,,,,2.0,
102030607,Agricultural land (non-cultiva,1.0,2.0,,,,,,,,,,,3.0,
102030607,Residential land (without cons,1.0,1.0,,,,,,,,,,,4.0,
102030607,Residential land (with constru,0.0,,,,,,,,,,,,5.0,
102030607,Land for animal sheds (e.g. da,0.0,,,,,,,,,,,,1.0,
102040708,Agricultural land (cultivable),1.0,10.0,,,,,,,,,,,2.0,
102040708,Agricultural land (non-cultiva,1.0,8.0,,,,,,,,,,,3.0,
102040708,Residential land (without cons,1.0,2.0,,,,,,,,,,,4.0,
102040708,Residential land (with constru,0.0,,,,,,,,,,,,5.0,
102040708,Land for animal sheds (e.g. da,0.0,,,,,,,,,,,,1.0,
103050809,Agricultural land (cultivable),1.0,3.0,,,,,,,,,,,2.0,
103050809,Agricultural land (non-cultiva,1.0,4.0,,,,,,,,,,,3.0,
103050809,Residential land (without cons,1.0,1.0,,,,,,,,,,,4.0,
103050809,Residential land (with constru,1.0,5.0,,,,,,,,,,,5.0,
103050809,Land for animal sheds (e.g. da,0.0,,,,,,,,,,,,1.0,
103060910,Agricultural land (cultivable),1.0,1.0,,,,,,,,,,,2.0,
103060910,Agricultural land (non-cultiva,0.0,,,,,,,,,,,,3.0,
103060910,Residential land (without cons,0.0,,,,,,,,,,,,4.0,
103060910,Residential land (with constru,0.0,,,,,,,,,,,,5.0,
103060910,Land for animal sheds (e.g. da,0.0,,,,,,,,,,,,1.0,
103061011,Agricultural land (cultivable),1.0,4.0,,,,,,,,,,,2.0,
103061011,Agricultural land (non-cultiva,0.0,,,,,,,,,,,,3.0,
103061011,Residential land (without cons,0.0,,,,,,,,,,,,4.0,
103061011,Residential land (with constru,0.0,,,,,,,,,,,,5.0,
103061011,Land for animal sheds (e.g. da,0.0,,,,,,,,,,,,1.0,
103071112,Agricultural land (cultivable),1.0,2.0,,,,,,,,,,,2.0,
103071112,Agricultural land (non-cultiva,0.0,,,,,,,,,,,,3.0,
103071112,Residential land (without cons,1.0,10.0,,,,,,,,,,,4.0,
103071112,Residential land (with constru,1.0,15.0,,,,,,,,,,,5.0,
103071112,Land for animal sheds (e.g. da,0.0,,,,,,,,,,,,1.0,
104081213,Agricultural land (cultivable),1.0,5.0,,,,,,,,,,,2.0,
104081213,Agricultural land (non-cultiva,0.0,,,,,,,,,,,,3.0,
104081213,Residential land (without cons,0.0,,,,,,,,,,,,4.0,
104081213,Residential land (with constru,0.0,,,,,,,,,,,,5.0,
104081213,Land for animal sheds (e.g. da,0.0,,,,,,,,,,,,1.0,
104081314,Agricultural land (cultivable),1.0,10.0,,,,,,,,,,,2.0,
104081314,Agricultural land (non-cultiva,1.0,4.0,,,,,,,,,,,3.0,
104081314,Residential land (without cons,1.0,3.0,,,,,,,,,,,4.0,
104081314,Residential land (with constru,0.0,,,,,,,,,,,,5.0,
104081314,Land for animal sheds (e.g. da,0.0,,,,,,,,,,,,1.0,
104081415,Agricultural land (cultivable),1.0,8.0,,,,,,,,,,,2.0,
104081415,Agricultural land (non-cultiva,0.0,,,,,,,,,,,,3.0,
104081415,Residential land (without cons,1.0,3.0,,,,,,,,,,,4.0,
104081415,Residential land (with constru,1.0,2.0,,,,,,,,,,,5.0,
104081415,Land for animal sheds (e.g. da,0.0,,,,,,,,,,,,1.0,
104091516,Agricultural land (cultivable),0.0,,,,,,,,,,,,2.0,
104091516,Agricultural land (non-cultiva,0.0,,,,,,,,,,,,3.0,
104091516,Residential land (without cons,0.0,,,,,,,,,,,,4.0,
104091516,Residential land (with constru,0.0,,,,,,,,,,,,5.0,
104091516,Land for animal sheds (e.g. da,0.0,,,,,,,,,,,,1.0,
105101617,Agricultural land (cultivable),1.0,3.0,,,,,,,,,,,2.0,
105101617,Agricultural land (non-cultiva,1.0,1.0,,,,,,,,,,,3.0,
105101617,Residential land (without cons,1.0,1.0,,,,,,,,,,,4.0,
105101617,Residential land (with constru,1.0,1.0,,,,,,,,,,,5.0,
105101617,Land for animal sheds (e.g. da,0.0,,,,,,,,,,,,1.0,
105101718,Agricultural land (cultivable),1.0,5.0,,,,,,,,,,,2.0,
105101718,Agricultural land (non-cultiva,1.0,1.0,,,,,,,,,,,3.0,
105101718,Residential land (without cons,1.0,1.0,,,,,,,,,,,4.0,
105101718,Residential land (with constru,1.0,1.0,,,,,,,,,,,5.0,
105101718,Land for animal sheds (e.g. da,1.0,4.0,,,,,,,,,,,1.0,
105111819,Agricultural land (cultivable),0.0,,,,,,,,,,,,2.0,
105111819,Agricultural land (non-cultiva,0.0,,,,,,,,,,,,3.0,
105111819,Residential land (without cons,0.0,,,,,,,,,,,,4.0,
105111819,Residential land (with constru,0.0,,,,,,,,,,,,5.0,
105111819,Land for animal sheds (e.g. da,0.0,,,,,,,,,,,,1.0,
105121920,Agricultural land (cultivable),0.0,,,,,,,,,,,,2.0,
105121920,Agricultural land (non-cultiva,0.0,,,,,,,,,,,,3.0,
105121920,Residential land (without cons,0.0,,,,,,,,,,,,4.0,
105121920,Residential land (with constru,0.0,,,,,,,,,,,,5.0,
105121920,Land for animal sheds (e.g. da,0.0,,,,,,,,,,,,1.0,
106132021,Agricultural land (cultivable),0.0,,,,,,,,,,,,2.0,
106132021,Agricultural land (non-cultiva,0.0,,,,,,,,,,,,3.0,
106132021,Residential land (without cons,0.0,,,,,,,,,,,,4.0,
106132021,Residential land (with constru,0.0,,,,,,,,,,,,5.0,
106132021,Land for animal sheds (e.g. da,0.0,,,,,,,,,,,,1.0,
106132122,Agricultural land (cultivable),1.0,2.0,,,,,,,,,,,2.0,
106132122,Agricultural land (non-cultiva,0.0,,,,,,,,,,,,3.0,
106132122,Residential land (without cons,0.0,,,,,,,,,,,,4.0,
106132122,Residential land (with constru,0.0,,,,,,,,,,,,5.0,
106132122,Land for animal sheds (e.g. da,0.0,,,,,,,,,,,,1.0,
106142223,Agricultural land (cultivable),1.0,3.0,,,,,,,,,,,2.0,
106142223,Agricultural land (non-cultiva,0.0,,,,,,,,,,,,3.0,
106142223,Residential land (without cons,0.0,,,,,,,,,,,,4.0,
106142223,Residential land (with constru,0.0,,,,,,,,,,,,5.0,
106142223,Land for animal sheds (e.g. da,0.0,,,,,,,,,,,,1.0,
106142324,Agricultural land (cultivable),1.0,2.0,,,,,,,,,,,2.0,
106142324,Agricultural land (non-cultiva,0.0,,,,,,,,,,,,3.0,
106142324,Residential land (without cons,0.0,,,,,,,,,,,,4.0,
106142324,Residential land (with constru,0.0,,,,,,,,,,,,5.0,
106142324,Land for animal sheds (e.g. da,0.0,,,,,,,,,,,,1.0,
107152425,Agricultural land (cultivable),1.0,140.0,,,,,,,,,,,2.0,
107152425,Agricultural land (non-cultiva,1.0,50.0,,,,,,,,,,,3.0,
107152425,Residential land (without cons,1.0,200.0,,,,,,,,,,,4.0,
107152425,Residential land (with constru,1.0,40.0,,,,,,,,,,,5.0,
107152425,Land for animal sheds (e.g. da,0.0,,,,,,,,,,,,1.0,
107152627,Agricultural land (cultivable),1.0,60.0,,,,,,,,,,,2.0,
107152627,Agricultural land (non-cultiva,0.0,,,,,,,,,,,,3.0,
107152627,Residential land (without cons,1.0,2.0,,,,,,,,,,,4.0,
107152627,Residential land (with constru,0.0,,,,,,,,,,,,5.0,
107152627,Land for animal sheds (e.g. da,0.0,,,,,,,,,,,,1.0,
107162526,Agricultural land (cultivable),0.0,,,,,,,,,,,,2.0,
107162526,Agricultural land (non-cultiva,0.0,,,,,,,,,,,,3.0,
107162526,Residential land (without cons,1.0,2.0,,,,,,,,,,,4.0,
107162526,Residential land (with constru,1.0,2.0,,,,,,,,,,,5.0,
107162526,Land for animal sheds (e.g. da,0.0,,,,,,,,,,,,1.0,
107172728,Agricultural land (cultivable),0.0,,,,,,,,,,,,2.0,
107172728,Agricultural land (non-cultiva,0.0,,,,,,,,,,,,3.0,
107172728,Residential land (without cons,0.0,,,,,,,,,,,,4.0,
107172728,Residential land (with constru,0.0,,,,,,,,,,,,5.0,
107172728,Land for animal sheds (e.g. da,0.0,,,,,,,,,,,,1.0,
108182829,Agricultural land (cultivable),0.0,,,,,,,,,,,,2.0,
108182829,Agricultural land (non-cultiva,0.0,,,,,,,,,,,,3.0,
108182829,Residential land (without cons,0.0,,,,,,,,,,,,4.0,
108182829,Residential land (with constru,0.0,,,,,,,,,,,,5.0,
108182829,Land for animal sheds (e.g. da,0.0,,,,,,,,,,,,1.0,
108192930,Agricultural land (cultivable),1.0,4.0,,,,,,,,,,,2.0,
108192930,Agricultural land (non-cultiva,0.0,,,,,,,,,,,,3.0,
108192930,Residential land (without cons,1.0,3.0,,,,,,,,,,,4.0,
108192930,Residential land (with constru,0.0,,,,,,,,,,,,5.0,
108192930,Land for animal sheds (e.g. da,0.0,,,,,,,,,,,,1.0,
108203031,Agricultural land (cultivable),1.0,3.0,,,,,,,,,,,2.0,
108203031,Agricultural land (non-cultiva,0.0,,,,,,,,,,,,3.0,
108203031,Residential land (without cons,0.0,,,,,,,,,,,,4.0,
108203031,Residential land (with constru,0.0,,,,,,,,,,,,5.0,
108203031,Land for animal sheds (e.g. da,0.0,,,,,,,,,,,,1.0,
108213132,Agricultural land (cultivable),1.0,5.0,,,,,,,,,,,2.0,
108213132,Agricultural land (non-cultiva,0.0,,,,,,,,,,,,3.0,
108213132,Residential land (without cons,0.0,,,,,,,,,,,,4.0,
108213132,Residential land (with constru,0.0,,,,,,,,,,,,5.0,
108213132,Land for animal sheds (e.g. da,0.0,,,,,,,,,,,,1.0,
109223233,Agricultural land (cultivable),1.0,2.0,,,,,,,,,,,2.0,
109223233,Agricultural land (non-cultiva,0.0,,,,,,,,,,,,3.0,
109223233,Residential land (without cons,1.0,1.0,,,,,,,,,,,4.0,
109223233,Residential land (with constru,1.0,2.0,,,,,,,,,,,5.0,
109223233,Land for animal sheds (e.g. da,0.0,,,,,,,,,,,,1.0,
109223334,Agricultural land (cultivable),1.0,15.0,,,,,,,,,,,2.0,
109223334,Agricultural land (non-cultiva,0.0,,,,,,,,,,,,3.0,
109223334,Residential land (without cons,1.0,2.0,,,,,,,,,,,4.0,
109223334,Residential land (with constru,0.0,,,,,,,,,,,,5.0,
109223334,Land for animal sheds (e.g. da,0.0,,,,,,,,,,,,1.0,
109233435,Agricultural land (cultivable),0.0,,,,,,,,,,,,2.0,
109233435,Agricultural land (non-cultiva,0.0,,,,,,,,,,,,3.0,
109233435,Residential land (without cons,0.0,,,,,,,,,,,,4.0,
109233435,Residential land (with constru,0.0,,,,,,,,,,,,5.0,
109233435,Land for animal sheds (e.g. da,0.0,,,,,,,,,,,,1.0,
109233536,Agricultural land (cultivable),1.0,1.0,,,,,,,,,,,2.0,
109233536,Agricultural land (non-cultiva,0.0,,,,,,,,,,,,3.0,
109233536,Residential land (without cons,0.0,,,,,,,,,,,,4.0,
109233536,Residential land (with constru,0.0,,,,,,,,,,,,5.0,
109233536,Land for animal sheds (e.g. da,0.0,,,,,,,,,,,,1.0,
110243637,Agricultural land (cultivable),1.0,10.0,,,,,,,,,,,2.0,
110243637,Agricultural land (non-cultiva,0.0,,,,,,,,,,,,3.0,
110243637,Residential land (without cons,1.0,4.0,,,,,,,,,,,4.0,
110243637,Residential land (with constru,1.0,5.0,,,,,,,,,,,5.0,
110243637,Land for animal sheds (e.g. da,0.0,,,,,,,,,,,,1.0,
110243738,Agricultural land (cultivable),1.0,10.0,,,,,,,,,,,2.0,
110243738,Agricultural land (non-cultiva,0.0,,,,,,,,,,,,3.0,
110243738,Residential land (without cons,0.0,,,,,,,,,,,,4.0,
110243738,Residential land (with constru,0.0,,,,,,,,,,,,5.0,
110243738,Land for animal sheds (e.g. da,0.0,,,,,,,,,,,,1.0,
110243839,Agricultural land (cultivable),1.0,3.0,,,,,,,,,,,2.0,
110243839,Agricultural land (non-cultiva,0.0,,,,,,,,,,,,3.0,
110243839,Residential land (without cons,0.0,,,,,,,,,,,,4.0,
110243839,Residential land (with constru,1.0,1.0,,,,,,,,,,,5.0,
110243839,Land for animal sheds (e.g. da,0.0,,,,,,,,,,,,1.0,
110253940,Agricultural land (cultivable),1.0,10.0,,,,,,,,,,,2.0,
110253940,Agricultural land (non-cultiva,0.0,,,,,,,,,,,,3.0,
110253940,Residential land (without cons,1.0,5.0,,,,,,,,,,,4.0,
110253940,Residential land (with constru,0.0,,,,,,,,,,,,5.0,
110253940,Land for animal sheds (e.g. da,0.0,,,,,,,,,,,,1.0,
111264041,Agricultural land (cultivable),0.0,,,,,,,,,,,,2.0,
111264041,Agricultural land (non-cultiva,0.0,,,,,,,,,,,,3.0,
111264041,Residential land (without cons,0.0,,,,,,,,,,,,4.0,
111264041,Residential land (with constru,0.0,,,,,,,,,,,,5.0,
111264041,Land for animal sheds (e.g. da,0.0,,,,,,,,,,,,1.0,
111274142,Agricultural land (cultivable),1.0,4.0,,,,,,,,,,,2.0,
111274142,Agricultural land (non-cultiva,0.0,,,,,,,,,,,,3.0,
111274142,Residential land (without cons,1.0,6.0,,,,,,,,,,,4.0,
111274142,Residential land (with constru,1.0,6.0,,,,,,,,,,,5.0,
111274142,Land for animal sheds (e.g. da,0.0,,,,,,,,,,,,1.0,
111274243,Agricultural land (cultivable),1.0,3.0,,,,,,,,,,,2.0,
111274243,Agricultural land (non-cultiva,0.0,,,,,,,,,,,,3.0,
111274243,Residential land (without cons,0.0,,,,,,,,,,,,4.0,
111274243,Residential land (with constru,0.0,,,,,,,,,,,,5.0,
111274243,Land for animal sheds (e.g. da,0.0,,,,,,,,,,,,1.0,
111284344,Agricultural land (cultivable),1.0,4.0,,,,,,,,,,,2.0,
111284344,Agricultural land (non-cultiva,0.0,,,,,,,,,,,,3.0,
111284344,Residential land (without cons,0.0,,,,,,,,,,,,4.0,
111284344,Residential land (with constru,1.0,2.0,,,,,,,,,,,5.0,
111284344,Land for animal sheds (e.g. da,0.0,,,,,,,,,,,,1.0,
112294445,Agricultural land (cultivable),0.0,,,,,,,,,,,,2.0,
112294445,Agricultural land (non-cultiva,0.0,,,,,,,,,,,,3.0,
112294445,Residential land (without cons,0.0,,,,,,,,,,,,4.0,
112294445,Residential land (with constru,1.0,1.0,,,,,,,,,,,5.0,
112294445,Land for animal sheds (e.g. da,0.0,,,,,,,,,,,,1.0,
112304546,Agricultural land (cultivable),1.0,1.0,,,,,,,,,,,2.0,
112304546,Agricultural land (non-cultiva,0.0,,,,,,,,,,,,3.0,
112304546,Residential land (without cons,0.0,,,,,,,,,,,,4.0,
112304546,Residential land (with constru,1.0,2.0,,,,,,,,,,,5.0,
112304546,Land for animal sheds (e.g. da,0.0,,,,,,,,,,,,1.0,
112304647,Agricultural land (cultivable),0.0,,,,,,,,,,,,2.0,
112304647,Agricultural land (non-cultiva,0.0,,,,,,,,,,,,3.0,
112304647,Residential land (without cons,0.0,,,,,,,,,,,,4.0,
112304647,Residential land (with constru,0.0,,,,,,,,,,,,5.0,
112304647,Land for animal sheds (e.g. da,0.0,,,,,,,,,,,,1.0,
112314748,Agricultural land (cultivable),1.0,2.0,,,,,,,,,,,2.0,
112314748,Agricultural land (non-cultiva,0.0,,,,,,,,,,,,3.0,
112314748,Residential land (without cons,1.0,4.0,,,,,,,,,,,4.0,
112314748,Residential land (with constru,0.0,,,,,,,,,,,,5.0,
112314748,Land for animal sheds (e.g. da,0.0,,,,,,,,,,,,1.0,
213324849,Agricultural land (cultivable),0.0,,,,,,,,,,,,2.0,
213324849,Agricultural land (non-cultiva,0.0,,,,,,,,,,,,3.0,
213324849,Residential land (without cons,0.0,,,,,,,,,,,,4.0,
213324849,Residential land (with constru,0.0,,,,,,,,,,,,5.0,
213324849,Land for animal sheds (e.g. da,0.0,,,,,,,,,,,,1.0,
213324952,Agricultural land (cultivable),0.0,,,,,,,,,,,,2.0,
213324952,Agricultural land (non-cultiva,0.0,,,,,,,,,,,,3.0,
213324952,Residential land (without cons,0.0,,,,,,,,,,,,4.0,
213324952,Residential land (with constru,0.0,,,,,,,,,,,,5.0,
213324952,Land for animal sheds (e.g. da,0.0,,,,,,,,,,,,1.0,
213334950,Agricultural land (cultivable),0.0,,,,,,,,,,,,2.0,
213334950,Agricultural land (non-cultiva,0.0,,,,,,,,,,,,3.0,
213334950,Residential land (without cons,0.0,,,,,,,,,,,,4.0,
213334950,Residential land (with constru,0.0,,,,,,,,,,,,5.0,
213334950,Land for animal sheds (e.g. da,0.0,,,,,,,,,,,,1.0,
213335051,Agricultural land (cultivable),0.0,,,,,,,,,,,,2.0,
213335051,Agricultural land (non-cultiva,0.0,,,,,,,,,,,,3.0,
213335051,Residential land (without cons,0.0,,,,,,,,,,,,4.0,
213335051,Residential land (with constru,0.0,,,,,,,,,,,,5.0,
213335051,Land for animal sheds (e.g. da,0.0,,,,,,,,,,,,1.0,
214345253,Agricultural land (cultivable),1.0,10.0,,,,,,,,,,,2.0,
214345253,Agricultural land (non-cultiva,0.0,,,,,,,,,,,,3.0,
214345253,Residential land (without cons,0.0,,,,,,,,,,,,4.0,
214345253,Residential land (with constru,0.0,,,,,,,,,,,,5.0,
214345253,Land for animal sheds (e.g. da,1.0,10.0,,,,,,,,,,,1.0,
214355354,Agricultural land (cultivable),0.0,,,,,,,,,,,,2.0,
214355354,Agricultural land (non-cultiva,0.0,,,,,,,,,,,,3.0,
214355354,Residential land (without cons,0.0,,,,,,,,,,,,4.0,
214355354,Residential land (with constru,0.0,,,,,,,,,,,,5.0,
214355354,Land for animal sheds (e.g. da,0.0,,,,,,,,,,,,1.0,
214365455,Agricultural land (cultivable),0.0,,,,,,,,,,,,2.0,
214365455,Agricultural land (non-cultiva,0.0,,,,,,,,,,,,3.0,
214365455,Residential land (without cons,0.0,,,,,,,,,,,,4.0,
214365455,Residential land (with constru,0.0,,,,,,,,,,,,5.0,
214365455,Land for animal sheds (e.g. da,0.0,,,,,,,,,,,,1.0,
214365556,Agricultural land (cultivable),1.0,1.0,,,,,,,,,,,2.0,
214365556,Agricultural land (non-cultiva,0.0,,,,,,,,,,,,3.0,
214365556,Residential land (without cons,0.0,,,,,,,,,,,,4.0,
214365556,Residential land (with constru,0.0,,,,,,,,,,,,5.0,
214365556,Land for animal sheds (e.g. da,0.0,,,,,,,,,,,,1.0,
215385657,Agricultural land (cultivable),0.0,,,,,,,,,,,,2.0,
215385657,Agricultural land (non-cultiva,0.0,,,,,,,,,,,,3.0,
215385657,Residential land (without cons,0.0,,,,,,,,,,,,4.0,
215385657,Residential land (with constru,0.0,,,,,,,,,,,,5.0,
215385657,Land for animal sheds (e.g. da,0.0,,,,,,,,,,,,1.0,
215395758,Agricultural land (cultivable),1.0,1.0,,,,,,,,,,,2.0,
215395758,Agricultural land (non-cultiva,0.0,,,,,,,,,,,,3.0,
215395758,Residential land (without cons,0.0,,,,,,,,,,,,4.0,
215395758,Residential land (with constru,0.0,,,,,,,,,,,,5.0,
215395758,Land for animal sheds (e.g. da,0.0,,,,,,,,,,,,1.0,
215395859,Agricultural land (cultivable),0.0,,,,,,,,,,,,2.0,
215395859,Agricultural land (non-cultiva,0.0,,,,,,,,,,,,3.0,
215395859,Residential land (without cons,0.0,,,,,,,,,,,,4.0,
215395859,Residential land (with constru,0.0,,,,,,,,,,,,5.0,
215395859,Land for animal sheds (e.g. da,0.0,,,,,,,,,,,,1.0,
215405960,Agricultural land (cultivable),0.0,,,,,,,,,,,,2.0,
215405960,Agricultural land (non-cultiva,0.0,,,,,,,,,,,,3.0,
215405960,Residential land (without cons,0.0,,,,,,,,,,,,4.0,
215405960,Residential land (with constru,0.0,,,,,,,,,,,,5.0,
215405960,Land for animal sheds (e.g. da,0.0,,,,,,,,,,,,1.0,
216416061,Agricultural land (cultivable),1.0,4.0,,,,,,,,,,,2.0,
216416061,Agricultural land (non-cultiva,0.0,,,,,,,,,,,,3.0,
216416061,Residential land (without cons,0.0,,,,,,,,,,,,4.0,
216416061,Residential land (with constru,0.0,,,,,,,,,,,,5.0,
216416061,Land for animal sheds (e.g. da,0.0,,,,,,,,,,,,1.0,
216416162,Agricultural land (cultivable),0.0,,,,,,,,,,,,2.0,
216416162,Agricultural land (non-cultiva,0.0,,,,,,,,,,,,3.0,
216416162,Residential land (without cons,0.0,,,,,,,,,,,,4.0,
216416162,Residential land (with constru,0.0,,,,,,,,,,,,5.0,
216416162,Land for animal sheds (e.g. da,0.0,,,,,,,,,,,,1.0,
216426263,Agricultural land (cultivable),0.0,,,,,,,,,,,,2.0,
216426263,Agricultural land (non-cultiva,0.0,,,,,,,,,,,,3.0,
216426263,Residential land (without cons,0.0,,,,,,,,,,,,4.0,
216426263,Residential land (with constru,0.0,,,,,,,,,,,,5.0,
216426263,Land for animal sheds (e.g. da,0.0,,,,,,,,,,,,1.0,
216436364,Agricultural land (cultivable),0.0,,,,,,,,,,,,2.0,
216436364,Agricultural land (non-cultiva,0.0,,,,,,,,,,,,3.0,
216436364,Residential land (without cons,0.0,,,,,,,,,,,,4.0,
216436364,Residential land (with constru,0.0,,,,,,,,,,,,5.0,
216436364,Land for animal sheds (e.g. da,0.0,,,,,,,,,,,,1.0,
217446465,Agricultural land (cultivable),0.0,,,,,,,,,,,,2.0,
217446465,Agricultural land (non-cultiva,0.0,,,,,,,,,,,,3.0,
217446465,Residential land (without cons,0.0,,,,,,,,,,,,4.0,
217446465,Residential land (with constru,0.0,,,,,,,,,,,,5.0,
217446465,Land for animal sheds (e.g. da,0.0,,,,,,,,,,,,1.0,
217446566,Agricultural land (cultivable),0.0,,,,,,,,,,,,2.0,
217446566,Agricultural land (non-cultiva,0.0,,,,,,,,,,,,3.0,
217446566,Residential land (without cons,0.0,,,,,,,,,,,,4.0,
217446566,Residential land (with constru,0.0,,,,,,,,,,,,5.0,
217446566,Land for animal sheds (e.g. da,0.0,,,,,,,,,,,,1.0,
217446667,Agricultural land (cultivable),1.0,3.0,,,,,,,,,,,2.0,
217446667,Agricultural land (non-cultiva,0.0,,,,,,,,,,,,3.0,
217446667,Residential land (without cons,0.0,,,,,,,,,,,,4.0,
217446667,Residential land (with constru,0.0,,,,,,,,,,,,5.0,
217446667,Land for animal sheds (e.g. da,0.0,,,,,,,,,,,,1.0,
217456768,Agricultural land (cultivable),0.0,,,,,,,,,,,,2.0,
217456768,Agricultural land (non-cultiva,0.0,,,,,,,,,,,,3.0,
217456768,Residential land (without cons,0.0,,,,,,,,,,,,4.0,
217456768,Residential land (with constru,0.0,,,,,,,,,,,,5.0,
217456768,Land for animal sheds (e.g. da,0.0,,,,,,,,,,,,1.0,
318466869,Agricultural land (cultivable),0.0,,,,,,,,,,,,2.0,
318466869,Agricultural land (non-cultiva,0.0,,,,,,,,,,,,3.0,
318466869,Residential land (without cons,0.0,,,,,,,,,,,,4.0,
318466869,Residential land (with constru,0.0,,,,,,,,,,,,5.0,
318466869,Land for animal sheds (e.g. da,0.0,,,,,,,,,,,,1.0,
318466970,Agricultural land (cultivable),1.0,2.0,,,,,,,,,,,2.0,
318466970,Agricultural land (non-cultiva,1.0,1.0,,,,,,,,,,,3.0,
318466970,Residential land (without cons,1.0,5.0,,,,,,,,,,,4.0,
318466970,Residential land (with constru,1.0,2.0,,,,,,,,,,,5.0,
318466970,Land for animal sheds (e.g. da,0.0,,,,,,,,,,,,1.0,
318467071,Agricultural land (cultivable),0.0,,,,,,,,,,,,2.0,
318467071,Agricultural land (non-cultiva,0.0,,,,,,,,,,,,3.0,
318467071,Residential land (without cons,0.0,,,,,,,,,,,,4.0,
318467071,Residential land (with constru,0.0,,,,,,,,,,,,5.0,
318467071,Land for animal sheds (e.g. da,0.0,,,,,,,,,,,,1.0,
318467172,Agricultural land (cultivable),0.0,,,,,,,,,,,,2.0,
318467172,Agricultural land (non-cultiva,0.0,,,,,,,,,,,,3.0,
318467172,Residential land (without cons,0.0,,,,,,,,,,,,4.0,
318467172,Residential land (with constru,0.0,,,,,,,,,,,,5.0,
318467172,Land for animal sheds (e.g. da,0.0,,,,,,,,,,,,1.0,
319477273,Agricultural land (cultivable),0.0,,,,,,,,,,,,2.0,
319477273,Agricultural land (non-cultiva,0.0,,,,,,,,,,,,3.0,
319477273,Residential land (without cons,0.0,,,,,,,,,,,,4.0,
319477273,Residential land (with constru,0.0,,,,,,,,,,,,5.0,
319477273,Land for animal sheds (e.g. da,0.0,,,,,,,,,,,,1.0,
319477274,Agricultural land (cultivable),0.0,,,,,,,,,,,,2.0,
319477274,Agricultural land (non-cultiva,0.0,,,,,,,,,,,,3.0,
319477274,Residential land (without cons,0.0,,,,,,,,,,,,4.0,
319477274,Residential land (with constru,0.0,,,,,,,,,,,,5.0,
319477274,Land for animal sheds (e.g. da,0.0,,,,,,,,,,,,,
319477374,Agricultural land (cultivable),1.0,2.0,,,,,,,,,,,,
319477374,Agricultural land (non-cultiva,1.0,1.0,,,,,,,,,,,,
319477374,Residential land (without cons,0.0,,,,,,,,,,,,,
319477374,Residential land (with constru,0.0,,,,,,,,,,,,,
319477374,Land for animal sheds (e.g. da,0.0,,,,,,,,,,,,,
319487476,Agricultural land (cultivable),0.0,,,,,,,,,,,,,
319487476,Agricultural land (non-cultiva,0.0,,,,,,,,,,,,,
319487476,Residential land (without cons,0.0,,,,,,,,,,,,,
319487476,Residential land (with constru,0.0,,,,,,,,,,,,,
319487476,Land for animal sheds (e.g. da,0.0,,,,,,,,,,,,,
215395758,AGRICULTURAL LAND (CULTIVABLE),1.0,7.0,,,,,,,,,,,,
215395758,AGRICULTURAL LAND (NON-CULTIVA,1.0,12.0,,,,,,,,,,,,
215395758,RESIDENTIAL LAND (WITHOUT CONS,1.0,35.0,,,,,,,,,,,,
215395758,RESIDENTIAL LAND (WITH CONSTRU,1.0,7.0,,,,,,,,,,,,
215395758,LAND FOR ANIMAL SHEDS (E.G. DA,1.0,10.0,,,,,,,,,,,,
213324952,AGRICULTURAL LAND (CULTIVABLE),1.0,15.0,,,,,,,,,,,,
213324952,AGRICULTURAL LAND (NON-CULTIVA,1.0,10.0,,,,,,,,,,,,
213324952,RESIDENTIAL LAND (WITHOUT CONS,0.0,,,,,,,,,,,,,
213324952,RESIDENTIAL LAND (WITH CONSTRU,0.0,,,,,,,,,,,,,
213324952,LAND FOR ANIMAL SHEDS (E.G. DA,0.0,,,,,,,,,,,,,
102030405,AGRICULTURAL LAND (CULTIVABLE),1.0,12.0,,,,,,,,,,,,
102030405,AGRICULTURAL LAND (NON-CULTIVA,0.0,,,,,,,,,,,,,
102030405,RESIDENTIAL LAND (WITHOUT CONS,0.0,,,,,,,,,,,,,
102030405,RESIDENTIAL LAND (WITH CONSTRU,0.0,,,,,,,,,,,,,
102030405,LAND FOR ANIMAL SHEDS (E.G. DA,0.0,,,,,,,,,,,,,
105111819,AGRICULTURAL LAND (CULTIVABLE),1.0,1.0,,,,,,,,,,,,
105111819,AGRICULTURAL LAND (NON-CULTIVA,0.0,,,,,,,,,,,,,
105111819,RESIDENTIAL LAND (WITHOUT CONS,0.0,,,,,,,,,,,,,
105111819,RESIDENTIAL LAND (WITH CONSTRU,0.0,,,,,,,,,,,,,
105111819,LAND FOR ANIMAL SHEDS (E.G. DA,0.0,,,,,,,,,,,,,
105121920,AGRICULTURAL LAND (CULTIVABLE),0.0,,,,,,,,,,,,,
105121920,AGRICULTURAL LAND (NON-CULTIVA,0.0,,,,,,,,,,,,,
105121920,RESIDENTIAL LAND (WITHOUT CONS,1.0,2.0,,,,,,,,,,,,
105121920,RESIDENTIAL LAND (WITH CONSTRU,0.0,,,,,,,,,,,,,
105121920,LAND FOR ANIMAL SHEDS (E.G. DA,0.0,,,,,,,,,,,,,
107162526,AGRICULTURAL LAND (CULTIVABLE),0.0,,,,,,,,,,,,,
107162526,AGRICULTURAL LAND (NON-CULTIVA,1.0,12.0,,,,,,,,,,,,
107162526,RESIDENTIAL LAND (WITHOUT CONS,1.0,5.0,,,,,,,,,,,,
107162526,RESIDENTIAL LAND (WITH CONSTRU,1.0,3.0,,,,,,,,,,,,
107162526,LAND FOR ANIMAL SHEDS (E.G. DA,0.0,,,,,,,,,,,,,
104081415,AGRICULTURAL LAND (CULTIVABLE),1.0,6.0,,,,,,,,,,,,
104081415,AGRICULTURAL LAND (NON-CULTIVA,1.0,2.0,,,,,,,,,,,,
104081415,RESIDENTIAL LAND (WITHOUT CONS,1.0,5.0,,,,,,,,,,,,
104081415,RESIDENTIAL LAND (WITH CONSTRU,1.0,5.0,,,,,,,,,,,,
104081415,LAND FOR ANIMAL SHEDS (E.G. DA,0.0,,,,,,,,,,,,,
104091516,AGRICULTURAL LAND (CULTIVABLE),1.0,60.0,,,,,,,,,,,,
104091516,AGRICULTURAL LAND (NON-CULTIVA,0.0,,,,,,,,,,,,,
104091516,RESIDENTIAL LAND (WITHOUT CONS,0.0,,,,,,,,,,,,,
104091516,RESIDENTIAL LAND (WITH CONSTRU,0.0,,,,,,,,,,,,,
104091516,LAND FOR ANIMAL SHEDS (E.G. DA,0.0,,,,,,,,,,,,,
101010101,AGRICULTURAL LAND (CULTIVABLE),1.0,4.0,,,,,,,,,,,,
101010101,AGRICULTURAL LAND (NON-CULTIVA,0.0,,,,,,,,,,,,,
101010101,RESIDENTIAL LAND (WITHOUT CONS,0.0,,,,,,,,,,,,,
101010101,RESIDENTIAL LAND (WITH CONSTRU,1.0,1.0,,,,,,,,,,,,
101010101,LAND FOR ANIMAL SHEDS (E.G. DA,0.0,,,,,,,,,,,,,
217446566,AGRICULTURAL LAND (CULTIVABLE),1.0,3.0,,,,,,,,,,,,
217446566,AGRICULTURAL LAND (NON-CULTIVA,0.0,,,,,,,,,,,,,
217446566,RESIDENTIAL LAND (WITHOUT CONS,0.0,,,,,,,,,,,,,
217446566,RESIDENTIAL LAND (WITH CONSTRU,0.0,,,,,,,,,,,,,
217446566,LAND FOR ANIMAL SHEDS (E.G. DA,0.0,,,,,,,,,,,,,
318466970,AGRICULTURAL LAND (CULTIVABLE),1.0,2.0,,,,,,,,,,,,
318466970,AGRICULTURAL LAND (NON-CULTIVA,0.0,,,,,,,,,,,,,
318466970,RESIDENTIAL LAND (WITHOUT CONS,0.0,,,,,,,,,,,,,
318466970,RESIDENTIAL LAND (WITH CONSTRU,0.0,,,,,,,,,,,,,
318466970,LAND FOR ANIMAL SHEDS (E.G. DA,0.0,,,,,,,,,,,,,
318467172,AGRICULTURAL LAND (CULTIVABLE),0.0,,,,,,,,,,,,,
318467172,AGRICULTURAL LAND (NON-CULTIVA,0.0,,,,,,,,,,,,,
318467172,RESIDENTIAL LAND (WITHOUT CONS,0.0,,,,,,,,,,,,,
318467172,RESIDENTIAL LAND (WITH CONSTRU,0.0,,,,,,,,,,,,,
318467172,LAND FOR ANIMAL SHEDS (E.G. DA,0.0,,,,,,,,,,,,,
217456768,AGRICULTURAL LAND (CULTIVABLE),0.0,,,,,,,,,,,,,
217456768,AGRICULTURAL LAND (NON-CULTIVA,0.0,,,,,,,,,,,,,
217456768,RESIDENTIAL LAND (WITHOUT CONS,0.0,,,,,,,,,,,,,
217456768,RESIDENTIAL LAND (WITH CONSTRU,0.0,,,,,,,,,,,,,
217456768,LAND FOR ANIMAL SHEDS (E.G. DA,0.0,,,,,,,,,,,,,
112314748,AGRICULTURAL LAND (CULTIVABLE),1.0,4.0,,,,,,,,,,,,
112314748,AGRICULTURAL LAND (NON-CULTIVA,0.0,,,,,,,,,,,,,
112314748,RESIDENTIAL LAND (WITHOUT CONS,1.0,1.0,,,,,,,,,,,,
112314748,RESIDENTIAL LAND (WITH CONSTRU,1.0,2.0,,,,,,,,,,,,
112314748,LAND FOR ANIMAL SHEDS (E.G. DA,0.0,,,,,,,,,,,,,
213324950,AGRICULTURAL LAND (CULTIVABLE),1.0,10.0,,,,,,,,,,,,
213324950,AGRICULTURAL LAND (NON-CULTIVA,1.0,6.0,,,,,,,,,,,,
213324950,RESIDENTIAL LAND (WITHOUT CONS,0.0,,,,,,,,,,,,,
213324950,RESIDENTIAL LAND (WITH CONSTRU,0.0,,,,,,,,,,,,,
213324950,LAND FOR ANIMAL SHEDS (E.G. DA,0.0,,,,,,,,,,,,,
213324849,AGRICULTURAL LAND (CULTIVABLE),0.0,,,,,,,,,,,,,
213324849,AGRICULTURAL LAND (NON-CULTIVA,0.0,,,,,,,,,,,,,
213324849,RESIDENTIAL LAND (WITHOUT CONS,0.0,,,,,,,,,,,,,
213324849,RESIDENTIAL LAND (WITH CONSTRU,0.0,,,,,,,,,,,,,
213324849,LAND FOR ANIMAL SHEDS (E.G. DA,0.0,,,,,,,,,,,,,
112304546,AGRICULTURAL LAND (CULTIVABLE),0.0,,,,,,,,,,,,,
112304546,AGRICULTURAL LAND (NON-CULTIVA,0.0,,,,,,,,,,,,,
112304546,RESIDENTIAL LAND (WITHOUT CONS,1.0,2.0,,,,,,,,,,,,
112304546,RESIDENTIAL LAND (WITH CONSTRU,0.0,,,,,,,,,,,,,
112304546,LAND FOR ANIMAL SHEDS (E.G. DA,0.0,,,,,,,,,,,,,
217446465,AGRICULTURAL LAND (CULTIVABLE),0.0,,,,,,,,,,,,,
217446465,AGRICULTURAL LAND (NON-CULTIVA,0.0,,,,,,,,,,,,,
217446465,RESIDENTIAL LAND (WITHOUT CONS,0.0,,,,,,,,,,,,,
217446465,RESIDENTIAL LAND (WITH CONSTRU,0.0,,,,,,,,,,,,,
217446465,LAND FOR ANIMAL SHEDS (E.G. DA,0.0,,,,,,,,,,,,,
214345253,AGRICULTURAL LAND (CULTIVABLE),1.0,6.0,,,,,,,,,,,,
214345253,AGRICULTURAL LAND (NON-CULTIVA,0.0,,,,,,,,,,,,,
214345253,RESIDENTIAL LAND (WITHOUT CONS,0.0,,,,,,,,,,,,,
214345253,RESIDENTIAL LAND (WITH CONSTRU,0.0,,,,,,,,,,,,,
214345253,LAND FOR ANIMAL SHEDS (E.G. DA,1.0,100.0,,,,,,,,,,,,
215395859,AGRICULTURAL LAND (CULTIVABLE),1.0,8.0,,,,,,,,,,,,
215395859,AGRICULTURAL LAND (NON-CULTIVA,1.0,6.0,,,,,,,,,,,,
215395859,RESIDENTIAL LAND (WITHOUT CONS,1.0,5.0,,,,,,,,,,,,
215395859,RESIDENTIAL LAND (WITH CONSTRU,1.0,2.0,,,,,,,,,,,,
215395859,LAND FOR ANIMAL SHEDS (E.G. DA,0.0,,,,,,,,,,,,,
215405960,AGRICULTURAL LAND (CULTIVABLE),0.0,,,,,,,,,,,,,
215405960,AGRICULTURAL LAND (NON-CULTIVA,0.0,,,,,,,,,,,,,
215405960,RESIDENTIAL LAND (WITHOUT CONS,0.0,,,,,,,,,,,,,
215405960,RESIDENTIAL LAND (WITH CONSTRU,0.0,,,,,,,,,,,,,
215405960,LAND FOR ANIMAL SHEDS (E.G. DA,0.0,,,,,,,,,,,,,
318466869,AGRICULTURAL LAND (CULTIVABLE),1.0,4.0,,,,,,,,,,,,
318466869,AGRICULTURAL LAND (NON-CULTIVA,0.0,,,,,,,,,,,,,
318466869,RESIDENTIAL LAND (WITHOUT CONS,0.0,,,,,,,,,,,,,
318466869,RESIDENTIAL LAND (WITH CONSTRU,0.0,,,,,,,,,,,,,
318466869,LAND FOR ANIMAL SHEDS (E.G. DA,0.0,,,,,,,,,,,,,
214365455,AGRICULTURAL LAND (CULTIVABLE),0.0,,,,,,,,,,,,,
214365455,AGRICULTURAL LAND (NON-CULTIVA,0.0,,,,,,,,,,,,,
214365455,RESIDENTIAL LAND (WITHOUT CONS,0.0,,,,,,,,,,,,,
214365455,RESIDENTIAL LAND (WITH CONSTRU,0.0,,,,,,,,,,,,,
214365455,LAND FOR ANIMAL SHEDS (E.G. DA,0.0,,,,,,,,,,,,,
217446667,AGRICULTURAL LAND (CULTIVABLE),0.0,,,,,,,,,,,,,
217446667,AGRICULTURAL LAND (NON-CULTIVA,0.0,,,,,,,,,,,,,
217446667,RESIDENTIAL LAND (WITHOUT CONS,0.0,,,,,,,,,,,,,
217446667,RESIDENTIAL LAND (WITH CONSTRU,0.0,,,,,,,,,,,,,
217446667,LAND FOR ANIMAL SHEDS (E.G. DA,0.0,,,,,,,,,,,,,
104081213,AGRICULTURAL LAND (CULTIVABLE),0.0,,,,,,,,,,,,,
104081213,AGRICULTURAL LAND (NON-CULTIVA,0.0,,,,,,,,,,,,,
104081213,RESIDENTIAL LAND (WITHOUT CONS,0.0,,,,,,,,,,,,,
104081213,RESIDENTIAL LAND (WITH CONSTRU,1.0,2.0,,,,,,,,,,,,
104081213,LAND FOR ANIMAL SHEDS (E.G. DA,0.0,,,,,,,,,,,,,
101020304,AGRICULTURAL LAND (CULTIVABLE),0.0,,,,,,,,,,,,,
101020304,AGRICULTURAL LAND (NON-CULTIVA,0.0,,,,,,,,,,,,,
101020304,RESIDENTIAL LAND (WITHOUT CONS,0.0,,,,,,,,,,,,,
101020304,RESIDENTIAL LAND (WITH CONSTRU,0.0,,,,,,,,,,,,,
101020304,LAND FOR ANIMAL SHEDS (E.G. DA,0.0,,,,,,,,,,,,,
104081314,AGRICULTURAL LAND (CULTIVABLE),1.0,12.0,,,,,,,,,,,,
104081314,AGRICULTURAL LAND (NON-CULTIVA,0.0,,,,,,,,,,,,,
104081314,RESIDENTIAL LAND (WITHOUT CONS,0.0,,,,,,,,,,,,,
104081314,RESIDENTIAL LAND (WITH CONSTRU,1.0,5.0,,,,,,,,,,,,
104081314,LAND FOR ANIMAL SHEDS (E.G. DA,0.0,,,,,,,,,,,,,
102030607,AGRICULTURAL LAND (CULTIVABLE),1.0,12.0,,,,,,,,,,,,
102030607,AGRICULTURAL LAND (NON-CULTIVA,0.0,,,,,,,,,,,,,
102030607,RESIDENTIAL LAND (WITHOUT CONS,0.0,,,,,,,,,,,,,
102030607,RESIDENTIAL LAND (WITH CONSTRU,0.0,,,,,,,,,,,,,
102030607,LAND FOR ANIMAL SHEDS (E.G. DA,0.0,,,,,,,,,,,,,
102040708,AGRICULTURAL LAND (CULTIVABLE),1.0,8.0,,,,,,,,,,,,
102040708,AGRICULTURAL LAND (NON-CULTIVA,0.0,,,,,,,,,,,,,
102040708,RESIDENTIAL LAND (WITHOUT CONS,1.0,1.0,,,,,,,,,,,,
102040708,RESIDENTIAL LAND (WITH CONSTRU,0.0,,,,,,,,,,,,,
102040708,LAND FOR ANIMAL SHEDS (E.G. DA,0.0,,,,,,,,,,,,,
102030506,AGRICULTURAL LAND (CULTIVABLE),1.0,2.0,,,,,,,,,,,,
102030506,AGRICULTURAL LAND (NON-CULTIVA,0.0,,,,,,,,,,,,,
102030506,RESIDENTIAL LAND (WITHOUT CONS,0.0,,,,,,,,,,,,,
102030506,RESIDENTIAL LAND (WITH CONSTRU,0.0,,,,,,,,,,,,,
102030506,LAND FOR ANIMAL SHEDS (E.G. DA,0.0,,,,,,,,,,,,,
106132021,AGRICULTURAL LAND (CULTIVABLE),0.0,,,,,,,,,,,,,
106132021,AGRICULTURAL LAND (NON-CULTIVA,0.0,,,,,,,,,,,,,
106132021,RESIDENTIAL LAND (WITHOUT CONS,0.0,,,,,,,,,,,,,
106132021,RESIDENTIAL LAND (WITH CONSTRU,0.0,,,,,,,,,,,,,
106132021,LAND FOR ANIMAL SHEDS (E.G. DA,0.0,,,,,,,,,,,,,
112304647,AGRICULTURAL LAND (CULTIVABLE),1.0,1.0,,,,,,,,,,,,
112304647,AGRICULTURAL LAND (NON-CULTIVA,0.0,,,,,,,,,,,,,
112304647,RESIDENTIAL LAND (WITHOUT CONS,0.0,,,,,,,,,,,,,
112304647,RESIDENTIAL LAND (WITH CONSTRU,0.0,,,,,,,,,,,,,
112304647,LAND FOR ANIMAL SHEDS (E.G. DA,0.0,,,,,,,,,,,,,
103050809,AGRICULTURAL LAND (CULTIVABLE),1.0,1.0,,,,,,,,,,,,
103050809,AGRICULTURAL LAND (NON-CULTIVA,0.0,,,,,,,,,,,,,
103050809,RESIDENTIAL LAND (WITHOUT CONS,0.0,,,,,,,,,,,,,
103050809,RESIDENTIAL LAND (WITH CONSTRU,0.0,,,,,,,,,,,,,
103050809,LAND FOR ANIMAL SHEDS (E.G. DA,0.0,,,,,,,,,,,,,
105101718,AGRICULTURAL LAND (CULTIVABLE),0.0,,,,,,,,,,,,,
105101718,AGRICULTURAL LAND (NON-CULTIVA,0.0,,,,,,,,,,,,,
105101718,RESIDENTIAL LAND (WITHOUT CONS,0.0,,,,,,,,,,,,,
105101718,RESIDENTIAL LAND (WITH CONSTRU,0.0,,,,,,,,,,,,,
105101718,LAND FOR ANIMAL SHEDS (E.G. DA,0.0,,,,,,,,,,,,,
110243839,AGRICULTURAL LAND (CULTIVABLE),1.0,5.0,,,,,,,,,,,,
110243839,AGRICULTURAL LAND (NON-CULTIVA,0.0,,,,,,,,,,,,,
110243839,RESIDENTIAL LAND (WITHOUT CONS,0.0,,,,,,,,,,,,,
110243839,RESIDENTIAL LAND (WITH CONSTRU,0.0,,,,,,,,,,,,,
110243839,LAND FOR ANIMAL SHEDS (E.G. DA,0.0,,,,,,,,,,,,,
110243738,AGRICULTURAL LAND (CULTIVABLE),1.0,5.0,,,,,,,,,,,,
110243738,AGRICULTURAL LAND (NON-CULTIVA,0.0,,,,,,,,,,,,,
110243738,RESIDENTIAL LAND (WITHOUT CONS,0.0,,,,,,,,,,,,,
110243738,RESIDENTIAL LAND (WITH CONSTRU,0.0,,,,,,,,,,,,,
110243738,LAND FOR ANIMAL SHEDS (E.G. DA,0.0,,,,,,,,,,,,,
109233435,AGRICULTURAL LAND (CULTIVABLE),1.0,6.0,,,,,,,,,,,,
109233435,AGRICULTURAL LAND (NON-CULTIVA,0.0,,,,,,,,,,,,,
109233435,RESIDENTIAL LAND (WITHOUT CONS,1.0,2.0,,,,,,,,,,,,
109233435,RESIDENTIAL LAND (WITH CONSTRU,1.0,2.0,,,,,,,,,,,,
109233435,LAND FOR ANIMAL SHEDS (E.G. DA,0.0,,,,,,,,,,,,,
110253940,AGRICULTURAL LAND (CULTIVABLE),1.0,15.0,,,,,,,,,,,,
110253940,AGRICULTURAL LAND (NON-CULTIVA,0.0,,,,,,,,,,,,,
110253940,RESIDENTIAL LAND (WITHOUT CONS,1.0,1.0,,,,,,,,,,,,
110253940,RESIDENTIAL LAND (WITH CONSTRU,0.0,,,,,,,,,,,,,
110253940,LAND FOR ANIMAL SHEDS (E.G. DA,0.0,,,,,,,,,,,,,
216416061,AGRICULTURAL LAND (CULTIVABLE),0.0,,,,,,,,,,,,,
216416061,AGRICULTURAL LAND (NON-CULTIVA,0.0,,,,,,,,,,,,,
216416061,RESIDENTIAL LAND (WITHOUT CONS,0.0,,,,,,,,,,,,,
216416061,RESIDENTIAL LAND (WITH CONSTRU,0.0,,,,,,,,,,,,,
216416061,LAND FOR ANIMAL SHEDS (E.G. DA,0.0,,,,,,,,,,,,,
216416162,AGRICULTURAL LAND (CULTIVABLE),0.0,,,,,,,,,,,,,
216416162,AGRICULTURAL LAND (NON-CULTIVA,0.0,,,,,,,,,,,,,
216416162,RESIDENTIAL LAND (WITHOUT CONS,0.0,,,,,,,,,,,,,
216416162,RESIDENTIAL LAND (WITH CONSTRU,0.0,,,,,,,,,,,,,
216416162,LAND FOR ANIMAL SHEDS (E.G. DA,0.0,,,,,,,,,,,,,
216426263,AGRICULTURAL LAND (CULTIVABLE),0.0,,,,,,,,,,,,,
216426263,AGRICULTURAL LAND (NON-CULTIVA,0.0,,,,,,,,,,,,,
216426263,RESIDENTIAL LAND (WITHOUT CONS,0.0,,,,,,,,,,,,,
216426263,RESIDENTIAL LAND (WITH CONSTRU,0.0,,,,,,,,,,,,,
216426263,LAND FOR ANIMAL SHEDS (E.G. DA,0.0,,,,,,,,,,,,,
214375556,AGRICULTURAL LAND (CULTIVABLE),0.0,,,,,,,,,,,,,
214375556,AGRICULTURAL LAND (NON-CULTIVA,0.0,,,,,,,,,,,,,
214375556,RESIDENTIAL LAND (WITHOUT CONS,0.0,,,,,,,,,,,,,
214375556,RESIDENTIAL LAND (WITH CONSTRU,0.0,,,,,,,,,,,,,
214375556,LAND FOR ANIMAL SHEDS (E.G. DA,0.0,,,,,,,,,,,,,
318467071,AGRICULTURAL LAND (CULTIVABLE),0.0,,,,,,,,,,,,,
318467071,AGRICULTURAL LAND (NON-CULTIVA,0.0,,,,,,,,,,,,,
318467071,RESIDENTIAL LAND (WITHOUT CONS,0.0,,,,,,,,,,,,,
318467071,RESIDENTIAL LAND (WITH CONSTRU,0.0,,,,,,,,,,,,,
318467071,LAND FOR ANIMAL SHEDS (E.G. DA,0.0,,,,,,,,,,,,,
319477273,AGRICULTURAL LAND (CULTIVABLE),1.0,2.0,,,,,,,,,,,,
319477273,AGRICULTURAL LAND (NON-CULTIVA,0.0,,,,,,,,,,,,,
319477273,RESIDENTIAL LAND (WITHOUT CONS,1.0,4.0,,,,,,,,,,,,
319477273,RESIDENTIAL LAND (WITH CONSTRU,0.0,,,,,,,,,,,,,
319477273,LAND FOR ANIMAL SHEDS (E.G. DA,0.0,,,,,,,,,,,,,
107152425,AGRICULTURAL LAND (CULTIVABLE),1.0,3.0,,,,,,,,,,,,
107152425,AGRICULTURAL LAND (NON-CULTIVA,0.0,,,,,,,,,,,,,
107152425,RESIDENTIAL LAND (WITHOUT CONS,0.0,,,,,,,,,,,,,
107152425,RESIDENTIAL LAND (WITH CONSTRU,0.0,,,,,,,,,,,,,
107152425,LAND FOR ANIMAL SHEDS (E.G. DA,0.0,,,,,,,,,,,,,
319487476,AGRICULTURAL LAND (CULTIVABLE),1.0,5.0,,,,,,,,,,,,
319487476,AGRICULTURAL LAND (NON-CULTIVA,1.0,4.0,,,,,,,,,,,,
319487476,RESIDENTIAL LAND (WITHOUT CONS,1.0,10.0,,,,,,,,,,,,
319487476,RESIDENTIAL LAND (WITH CONSTRU,1.0,8.0,,,,,,,,,,,,
319487476,LAND FOR ANIMAL SHEDS (E.G. DA,0.0,,,,,,,,,,,,,
108203031,AGRICULTURAL LAND (CULTIVABLE),1.0,4.0,,,,,,,,,,,,
108203031,AGRICULTURAL LAND (NON-CULTIVA,0.0,,,,,,,,,,,,,
108203031,RESIDENTIAL LAND (WITHOUT CONS,1.0,2.0,,,,,,,,,,,,
108203031,RESIDENTIAL LAND (WITH CONSTRU,1.0,5.0,,,,,,,,,,,,
108203031,LAND FOR ANIMAL SHEDS (E.G. DA,0.0,,,,,,,,,,,,,
108213132,AGRICULTURAL LAND (CULTIVABLE),1.0,10.0,,,,,,,,,,,,
108213132,AGRICULTURAL LAND (NON-CULTIVA,1.0,5.0,,,,,,,,,,,,
108213132,RESIDENTIAL LAND (WITHOUT CONS,1.0,2.0,,,,,,,,,,,,
108213132,RESIDENTIAL LAND (WITH CONSTRU,1.0,3.0,,,,,,,,,,,,
108213132,LAND FOR ANIMAL SHEDS (E.G. DA,0.0,,,,,,,,,,,,,
109223233,AGRICULTURAL LAND (CULTIVABLE),1.0,5.0,,,,,,,,,,,,
109223233,AGRICULTURAL LAND (NON-CULTIVA,1.0,4.0,,,,,,,,,,,,
109223233,RESIDENTIAL LAND (WITHOUT CONS,1.0,3.0,,,,,,,,,,,,
109223233,RESIDENTIAL LAND (WITH CONSTRU,1.0,2.0,,,,,,,,,,,,
109223233,LAND FOR ANIMAL SHEDS (E.G. DA,0.0,,,,,,,,,,,,,
109233536,AGRICULTURAL LAND (CULTIVABLE),1.0,3.0,,,,,,,,,,,,
109233536,AGRICULTURAL LAND (NON-CULTIVA,0.0,,,,,,,,,,,,,
109233536,RESIDENTIAL LAND (WITHOUT CONS,1.0,2.0,,,,,,,,,,,,
109233536,RESIDENTIAL LAND (WITH CONSTRU,1.0,4.0,,,,,,,,,,,,
109233536,LAND FOR ANIMAL SHEDS (E.G. DA,0.0,,,,,,,,,,,,,
111274142,AGRICULTURAL LAND (CULTIVABLE),1.0,2.0,,,,,,,,,,,,
111274142,AGRICULTURAL LAND (NON-CULTIVA,1.0,3.0,,,,,,,,,,,,
111274142,RESIDENTIAL LAND (WITHOUT CONS,1.0,3.0,,,,,,,,,,,,
111274142,RESIDENTIAL LAND (WITH CONSTRU,0.0,,,,,,,,,,,,,
111274142,LAND FOR ANIMAL SHEDS (E.G. DA,0.0,,,,,,,,,,,,,
111274243,AGRICULTURAL LAND (CULTIVABLE),1.0,3.0,,,,,,,,,,,,
111274243,AGRICULTURAL LAND (NON-CULTIVA,1.0,6.0,,,,,,,,,,,,
111274243,RESIDENTIAL LAND (WITHOUT CONS,1.0,5.0,,,,,,,,,,,,
111274243,RESIDENTIAL LAND (WITH CONSTRU,1.0,2.0,,,,,,,,,,,,
111274243,LAND FOR ANIMAL SHEDS (E.G. DA,0.0,,,,,,,,,,,,,
106132122,AGRICULTURAL LAND (CULTIVABLE),0.0,,,,,,,,,,,,,
106132122,AGRICULTURAL LAND (NON-CULTIVA,0.0,,,,,,,,,,,,,
106132122,RESIDENTIAL LAND (WITHOUT CONS,0.0,,,,,,,,,,,,,
106132122,RESIDENTIAL LAND (WITH CONSTRU,0.0,,,,,,,,,,,,,
106132122,LAND FOR ANIMAL SHEDS (E.G. DA,0.0,,,,,,,,,,,,,
319477274,AGRICULTURAL LAND (CULTIVABLE),0.0,,,,,,,,,,,,,
319477274,AGRICULTURAL LAND (NON-CULTIVA,0.0,,,,,,,,,,,,,
319477274,RESIDENTIAL LAND (WITHOUT CONS,0.0,,,,,,,,,,,,,
319477274,RESIDENTIAL LAND (WITH CONSTRU,1.0,3.0,,,,,,,,,,,,
319477274,LAND FOR ANIMAL SHEDS (E.G. DA,0.0,,,,,,,,,,,,,
106142223,AGRICULTURAL LAND (CULTIVABLE),1.0,1.0,,,,,,,,,,,,
106142223,AGRICULTURAL LAND (NON-CULTIVA,1.0,1.0,,,,,,,,,,,,
106142223,RESIDENTIAL LAND (WITHOUT CONS,0.0,,,,,,,,,,,,,
106142223,RESIDENTIAL LAND (WITH CONSTRU,0.0,,,,,,,,,,,,,
106142223,LAND FOR ANIMAL SHEDS (E.G. DA,0.0,,,,,,,,,,,,,
215385657,AGRICULTURAL LAND (CULTIVABLE),0.0,,,,,,,,,,,,,
215385657,AGRICULTURAL LAND (NON-CULTIVA,0.0,,,,,,,,,,,,,
215385657,RESIDENTIAL LAND (WITHOUT CONS,0.0,,,,,,,,,,,,,
215385657,RESIDENTIAL LAND (WITH CONSTRU,0.0,,,,,,,,,,,,,
215385657,LAND FOR ANIMAL SHEDS (E.G. DA,0.0,,,,,,,,,,,,,
111264041,AGRICULTURAL LAND (CULTIVABLE),1.0,1.0,,,,,,,,,,,,
111264041,AGRICULTURAL LAND (NON-CULTIVA,1.0,2.0,,,,,,,,,,,,
111264041,RESIDENTIAL LAND (WITHOUT CONS,1.0,5.0,,,,,,,,,,,,
111264041,RESIDENTIAL LAND (WITH CONSTRU,1.0,6.0,,,,,,,,,,,,
111264041,LAND FOR ANIMAL SHEDS (E.G. DA,0.0,,,,,,,,,,,,,
103060910,AGRICULTURAL LAND (CULTIVABLE),0.0,,,,,,,,,,,,,
103060910,AGRICULTURAL LAND (NON-CULTIVA,0.0,,,,,,,,,,,,,
103060910,RESIDENTIAL LAND (WITHOUT CONS,0.0,,,,,,,,,,,,,
103060910,RESIDENTIAL LAND (WITH CONSTRU,0.0,,,,,,,,,,,,,
103060910,LAND FOR ANIMAL SHEDS (E.G. DA,0.0,,,,,,,,,,,,,
103071112,AGRICULTURAL LAND (CULTIVABLE),1.0,1.0,,,,,,,,,,,,
103071112,AGRICULTURAL LAND (NON-CULTIVA,0.0,,,,,,,,,,,,,
103071112,RESIDENTIAL LAND (WITHOUT CONS,1.0,1.0,,,,,,,,,,,,
103071112,RESIDENTIAL LAND (WITH CONSTRU,0.0,,,,,,,,,,,,,
103071112,LAND FOR ANIMAL SHEDS (E.G. DA,0.0,,,,,,,,,,,,,
213335051,AGRICULTURAL LAND (CULTIVABLE),1.0,3.0,,,,,,,,,,,,
213335051,AGRICULTURAL LAND (NON-CULTIVA,0.0,,,,,,,,,,,,,
213335051,RESIDENTIAL LAND (WITHOUT CONS,0.0,,,,,,,,,,,,,
213335051,RESIDENTIAL LAND (WITH CONSTRU,0.0,,,,,,,,,,,,,
213335051,LAND FOR ANIMAL SHEDS (E.G. DA,0.0,,,,,,,,,,,,,
112294445,AGRICULTURAL LAND (CULTIVABLE),1.0,5.0,,,,,,,,,,,,
112294445,AGRICULTURAL LAND (NON-CULTIVA,0.0,,,,,,,,,,,,,
112294445,RESIDENTIAL LAND (WITHOUT CONS,1.0,2.0,,,,,,,,,,,,
112294445,RESIDENTIAL LAND (WITH CONSTRU,0.0,,,,,,,,,,,,,
112294445,LAND FOR ANIMAL SHEDS (E.G. DA,0.0,,,,,,,,,,,,,
101010203,AGRICULTURAL LAND (CULTIVABLE),1.0,1.0,,,,,,,,,,,,
101010203,AGRICULTURAL LAND (NON-CULTIVA,0.0,,,,,,,,,,,,,
101010203,RESIDENTIAL LAND (WITHOUT CONS,1.0,1.0,,,,,,,,,,,,
101010203,RESIDENTIAL LAND (WITH CONSTRU,1.0,1.0,,,,,,,,,,,,
101010203,LAND FOR ANIMAL SHEDS (E.G. DA,0.0,,,,,,,,,,,,,
103061011,AGRICULTURAL LAND (CULTIVABLE),1.0,1.0,,,,,,,,,,,,
103061011,AGRICULTURAL LAND (NON-CULTIVA,0.0,,,,,,,,,,,,,
103061011,RESIDENTIAL LAND (WITHOUT CONS,0.0,,,,,,,,,,,,,
103061011,RESIDENTIAL LAND (WITH CONSTRU,0.0,,,,,,,,,,,,,
103061011,LAND FOR ANIMAL SHEDS (E.G. DA,0.0,,,,,,,,,,,,,
101010202,AGRICULTURAL LAND (CULTIVABLE),0.0,,,,,,,,,,,,,
101010202,AGRICULTURAL LAND (NON-CULTIVA,0.0,,,,,,,,,,,,,
101010202,RESIDENTIAL LAND (WITHOUT CONS,0.0,,,,,,,,,,,,,
101010202,RESIDENTIAL LAND (WITH CONSTRU,0.0,,,,,,,,,,,,,
101010202,LAND FOR ANIMAL SHEDS (E.G. DA,0.0,,,,,,,,,,,,,
110243637,AGRICULTURAL LAND (CULTIVABLE),1.0,20.0,,,,,,,,,,,,
110243637,AGRICULTURAL LAND (NON-CULTIVA,0.0,,,,,,,,,,,,,
110243637,RESIDENTIAL LAND (WITHOUT CONS,0.0,,,,,,,,,,,,,
110243637,RESIDENTIAL LAND (WITH CONSTRU,0.0,,,,,,,,,,,,,
110243637,LAND FOR ANIMAL SHEDS (E.G. DA,0.0,,,,,,,,,,,,,
109223334,AGRICULTURAL LAND (CULTIVABLE),0.0,,,,,,,,,,,,,
109223334,AGRICULTURAL LAND (NON-CULTIVA,0.0,,,,,,,,,,,,,
109223334,RESIDENTIAL LAND (WITHOUT CONS,0.0,,,,,,,,,,,,,
109223334,RESIDENTIAL LAND (WITH CONSTRU,0.0,,,,,,,,,,,,,
109223334,LAND FOR ANIMAL SHEDS (E.G. DA,0.0,,,,,,,,,,,,,
319477375,AGRICULTURAL LAND (CULTIVABLE),1.0,20.0,,,,,,,,,,,,
319477375,AGRICULTURAL LAND (NON-CULTIVA,0.0,,,,,,,,,,,,,
319477375,RESIDENTIAL LAND (WITHOUT CONS,0.0,,,,,,,,,,,,,
319477375,RESIDENTIAL LAND (WITH CONSTRU,0.0,,,,,,,,,,,,,
319477375,LAND FOR ANIMAL SHEDS (E.G. DA,0.0,,,,,,,,,,,,,
108192930,AGRICULTURAL LAND (CULTIVABLE),1.0,2.0,,,,,,,,,,,,
108192930,AGRICULTURAL LAND (NON-CULTIVA,0.0,,,,,,,,,,,,,
108192930,RESIDENTIAL LAND (WITHOUT CONS,0.0,,,,,,,,,,,,,
108192930,RESIDENTIAL LAND (WITH CONSTRU,0.0,,,,,,,,,,,,,
108192930,LAND FOR ANIMAL SHEDS (E.G. DA,0.0,,,,,,,,,,,,,
108182829,AGRICULTURAL LAND (CULTIVABLE),0.0,,,,,,,,,,,,,
108182829,AGRICULTURAL LAND (NON-CULTIVA,0.0,,,,,,,,,,,,,
108182829,RESIDENTIAL LAND (WITHOUT CONS,0.0,,,,,,,,,,,,,
108182829,RESIDENTIAL LAND (WITH CONSTRU,0.0,,,,,,,,,,,,,
108182829,LAND FOR ANIMAL SHEDS (E.G. DA,0.0,,,,,,,,,,,,,
106142324,AGRICULTURAL LAND (CULTIVABLE),0.0,,,,,,,,,,,,,
106142324,AGRICULTURAL LAND (NON-CULTIVA,0.0,,,,,,,,,,,,,
106142324,RESIDENTIAL LAND (WITHOUT CONS,0.0,,,,,,,,,,,,,
106142324,RESIDENTIAL LAND (WITH CONSTRU,0.0,,,,,,,,,,,,,
106142324,LAND FOR ANIMAL SHEDS (E.G. DA,0.0,,,,,,,,,,,,,
111284344,AGRICULTURAL LAND (CULTIVABLE),1.0,3.0,,,,,,,,,,,,
111284344,AGRICULTURAL LAND (NON-CULTIVA,1.0,5.0,,,,,,,,,,,,
111284344,RESIDENTIAL LAND (WITHOUT CONS,1.0,2.0,,,,,,,,,,,,
111284344,RESIDENTIAL LAND (WITH CONSTRU,1.0,1.0,,,,,,,,,,,,
111284344,LAND FOR ANIMAL SHEDS (E.G. DA,0.0,,,,,,,,,,,,,
105101617,AGRICULTURAL LAND (CULTIVABLE),1.0,3.0,,,,,,,,,,,,
105101617,AGRICULTURAL LAND (NON-CULTIVA,0.0,,,,,,,,,,,,,
105101617,RESIDENTIAL LAND (WITHOUT CONS,1.0,1.0,,,,,,,,,,,,
105101617,RESIDENTIAL LAND (WITH CONSTRU,0.0,,,,,,,,,,,,,
105101617,LAND FOR ANIMAL SHEDS (E.G. DA,0.0,,,,,,,,,,,,,
216436364,AGRICULTURAL LAND (CULTIVABLE),0.0,,,,,,,,,,,,,
216436364,AGRICULTURAL LAND (NON-CULTIVA,0.0,,,,,,,,,,,,,
216436364,RESIDENTIAL LAND (WITHOUT CONS,0.0,,,,,,,,,,,,,
216436364,RESIDENTIAL LAND (WITH CONSTRU,0.0,,,,,,,,,,,,,
216436364,LAND FOR ANIMAL SHEDS (E.G. DA,0.0,,,,,,,,,,,,,
